,Fecha,Gasolina superior,Gasolina regular,"Total
gasolinas",Diesel alto azufre,Diesel bajo azufre,Diesel ultra bajo azufre,Diesel,Gas licuado de petróleo,Gasolina de aviación,Kerosina,Turbo jet,Bunker,Asfalto,PetCoke,Aceites lubricantes,Grasas lubricantes,Solventes,Naftas,Ceras,Petróleo crudo,Butano,Orimulsión,"Mezclas
oleosas",Total Consumo,,,,,,,,,,,,,,,,,,,,,,,,,,,,,,,,,
,Jan/2000," 308,156.82 "," 202,645.20 "," 510,802.02 "," 634,667.06 ", -   , -   ," 634,667.06 "," 194,410.48 "," 1,426.00 "," 64,026.09 ", -   ," 296,766.99 "," 48,446.00 ", -   , -   , -   , -   , -   , -   , -   , -   , -   , -   ," 1,750,544.64 ",,,,,,,,,,,,,,,,,,,,,,,,,,,,,,,,,
,Feb/2000," 307,766.31 "," 205,530.96 "," 513,297.27 "," 642,380.66 ", -   , -   ," 642,380.66 "," 174,710.55 "," 1,458.00 "," 62,660.30 ", -   ," 328,116.44 "," 50,597.00 ", -   , -   , -   , -   , -   , -   , -   , -   , -   , -   ," 1,773,220.22 ",,,,,,,,,,,,,,,,,,,,,,,,,,,,,,,,,
,Mar/2000," 331,910.29 "," 229,499.56 "," 561,409.85 "," 699,807.25 ", -   , -   ," 699,807.25 "," 189,234.07 "," 1,503.00 "," 61,361.99 ", -   ," 368,589.63 "," 27,593.00 ", -   , -   , -   , -   , -   , -   , -   , -   , -   , -   ," 1,909,498.79 ",,,,,,,,,,,,,,,,,,,,,,,,,,,,,,,,,
,Apr/2000," 315,648.08 "," 210,680.40 "," 526,328.48 "," 586,803.98 ", -   , -   ," 586,803.98 "," 174,330.61 "," 1,561.00 "," 61,814.32 ", -   ," 396,300.47 "," 53,794.00 ", -   , -   , -   , -   , -   , -   , -   , -   , -   , -   ," 1,800,932.86 ",,,,,,,,,,,,,,,,,,,,,,,,,,,,,,,,,
,May/2000," 319,667.97 "," 208,164.34 "," 527,832.31 "," 656,948.20 ", -   , -   ," 656,948.20 "," 191,745.15 "," 1,642.00 "," 54,098.32 ", -   ," 449,368.92 "," 60,137.00 ", -   , -   , -   , -   , -   , -   , -   , -   , -   , -   ," 1,941,771.90 ",,,,,,,,,,,,,,,,,,,,,,,,,,,,,,,,,
,Jun/2000," 300,347.70 "," 195,088.74 "," 495,436.44 "," 570,919.88 ", -   , -   ," 570,919.88 "," 196,321.93 "," 1,641.00 "," 60,390.32 ", -   ," 404,033.69 "," 40,623.00 ", -   , -   , -   , -   , -   , -   , -   , -   , -   , -   ," 1,769,366.26 ",,,,,,,,,,,,,,,,,,,,,,,,,,,,,,,,,
,Jul/2000," 308,305.93 "," 204,556.77 "," 512,862.70 "," 576,436.02 ", -   , -   ," 576,436.02 "," 192,344.50 "," 1,598.00 "," 61,931.56 ", -   ," 291,436.20 "," 36,670.00 ", -   , -   , -   , -   , -   , -   , -   , -   , -   , -   ," 1,673,278.98 ",,,,,,,,,,,,,,,,,,,,,,,,,,,,,,,,,
,Aug/2000," 323,011.86 "," 218,388.51 "," 541,400.37 "," 593,770.77 ", -   , -   ," 593,770.77 "," 203,727.08 "," 1,438.00 "," 70,821.94 ", -   ," 373,811.63 "," 25,033.00 ", -   , -   , -   , -   , -   , -   , -   , -   , -   , -   ," 1,810,002.79 ",,,,,,,,,,,,,,,,,,,,,,,,,,,,,,,,,
,Sep/2000," 326,455.72 "," 213,906.96 "," 540,362.68 "," 590,145.40 ", -   , -   ," 590,145.40 "," 194,565.10 "," 1,469.00 "," 58,960.01 ", -   ," 322,718.89 "," 16,906.00 ", -   , -   , -   , -   , -   , -   , -   , -   , -   , -   ," 1,725,127.08 ",,,,,,,,,,,,,,,,,,,,,,,,,,,,,,,,,
,Oct/2000," 323,843.63 "," 213,606.65 "," 537,450.28 "," 641,113.36 ", -   , -   ," 641,113.36 "," 210,261.83 "," 1,475.00 "," 63,794.12 ", -   ," 260,955.42 "," 22,070.00 ", -   , -   , -   , -   , -   , -   , -   , -   , -   , -   ," 1,737,120.01 ",,,,,,,,,,,,,,,,,,,,,,,,,,,,,,,,,
,Nov/2000," 320,788.08 "," 209,227.48 "," 530,015.56 "," 657,086.30 ", -   , -   ," 657,086.30 "," 205,027.95 "," 1,498.00 "," 65,733.00 ", -   ," 310,274.26 "," 25,659.00 ", -   , -   , -   , -   , -   , -   , -   , -   , -   , -   ," 1,795,294.07 ",,,,,,,,,,,,,,,,,,,,,,,,,,,,,,,,,
,Dec/2000," 366,987.56 "," 230,020.70 "," 597,008.26 "," 673,282.26 ", -   , -   ," 673,282.26 "," 200,247.56 "," 1,501.00 "," 68,848.50 ", -   ," 284,045.83 "," 20,430.00 ", -   , -   , -   , -   , -   , -   , -   , -   , -   , -   ," 1,845,363.41 ",,,,,,,,,,,,,,,,,,,,,,,,,,,,,,,,,
,Jan/2001," 300,242.78 "," 164,547.35 "," 464,790.13 "," 569,328.79 ", -   , -   ," 569,328.79 "," 179,405.99 "," 1,755.58 "," 69,691.25 ", -   ," 399,107.63 "," 30,002.22 ", -   , -   , -   , -   , -   , -   , -   , -   , -   , -   ," 1,714,081.59 ",,,,,,,,,,,,,,,,,,,,,,,,,,,,,,,,,
,Feb/2001," 301,483.40 "," 174,838.81 "," 476,322.21 "," 597,749.83 ", -   , -   ," 597,749.83 "," 167,818.14 "," 1,510.58 "," 56,326.42 ", -   ," 404,897.00 "," 34,407.57 ", -   , -   , -   , -   , -   , -   , -   , -   , -   , -   ," 1,739,031.76 ",,,,,,,,,,,,,,,,,,,,,,,,,,,,,,,,,
,Mar/2001," 355,572.83 "," 201,992.65 "," 557,565.48 "," 736,085.97 ", -   , -   ," 736,085.97 "," 186,397.33 "," 1,602.58 "," 68,208.99 ", -   ," 406,269.28 "," 32,274.68 ", -   , -   , -   , -   , -   , -   , -   , -   , -   , -   ," 1,988,404.31 ",,,,,,,,,,,,,,,,,,,,,,,,,,,,,,,,,
,Apr/2001," 355,826.76 "," 198,683.39 "," 554,510.15 "," 606,257.66 ", -   , -   ," 606,257.66 "," 175,820.35 "," 1,355.58 "," 66,697.90 ", -   ," 397,689.22 "," 26,986.96 ", -   , -   , -   , -   , -   , -   , -   , -   , -   , -   ," 1,829,317.82 ",,,,,,,,,,,,,,,,,,,,,,,,,,,,,,,,,
,May/2001," 336,040.04 "," 182,504.09 "," 518,544.13 "," 664,082.66 ", -   , -   ," 664,082.66 "," 178,303.33 "," 1,273.58 "," 61,641.63 ", -   ," 494,837.73 "," 29,776.72 ", -   , -   , -   , -   , -   , -   , -   , -   , -   , -   ," 1,948,459.78 ",,,,,,,,,,,,,,,,,,,,,,,,,,,,,,,,,
,Jun/2001," 308,804.70 "," 201,379.48 "," 510,184.18 "," 559,333.03 ", -   , -   ," 559,333.03 "," 177,826.93 "," 1,171.58 "," 57,796.09 ", -   ," 385,382.02 "," 26,759.22 ", -   , -   , -   , -   , -   , -   , -   , -   , -   , -   ," 1,718,453.05 ",,,,,,,,,,,,,,,,,,,,,,,,,,,,,,,,,
,Jul/2001," 350,501.97 "," 214,980.24 "," 565,482.21 "," 589,452.73 ", -   , -   ," 589,452.73 "," 191,041.99 "," 1,637.58 "," 67,033.45 ", -   ," 482,085.37 "," 24,312.29 ", -   , -   , -   , -   , -   , -   , -   , -   , -   , -   ," 1,921,045.63 ",,,,,,,,,,,,,,,,,,,,,,,,,,,,,,,,,
,Aug/2001," 348,414.65 "," 204,646.77 "," 553,061.42 "," 568,546.37 ", -   , -   ," 568,546.37 "," 190,295.99 "," 1,412.58 "," 64,093.29 ", -   ," 470,955.27 "," 25,226.00 ", -   , -   , -   , -   , -   , -   , -   , -   , -   , -   ," 1,873,590.93 ",,,,,,,,,,,,,,,,,,,,,,,,,,,,,,,,,
,Sep/2001," 324,393.96 "," 188,292.35 "," 512,686.31 "," 533,108.39 ", -   , -   ," 533,108.39 "," 184,039.99 "," 1,710.58 "," 51,773.04 ", -   ," 387,235.78 "," 20,603.10 ", -   , -   , -   , -   , -   , -   , -   , -   , -   , -   ," 1,691,157.20 ",,,,,,,,,,,,,,,,,,,,,,,,,,,,,,,,,
,Oct/2001," 366,261.63 "," 225,240.95 "," 591,502.58 "," 603,371.18 ", -   , -   ," 603,371.18 "," 206,176.99 "," 1,102.58 "," 56,193.31 ", -   ," 412,617.56 "," 29,817.10 ", -   , -   , -   , -   , -   , -   , -   , -   , -   , -   ," 1,900,781.31 ",,,,,,,,,,,,,,,,,,,,,,,,,,,,,,,,,
,Nov/2001," 351,890.63 "," 210,324.95 "," 562,215.58 "," 626,156.18 ", -   , -   ," 626,156.18 "," 201,335.99 "," 1,791.58 "," 53,500.31 ", -   ," 606,966.56 "," 22,299.10 ", -   , -   , -   , -   , -   , -   , -   , -   , -   , -   ," 2,074,265.31 ",,,,,,,,,,,,,,,,,,,,,,,,,,,,,,,,,
,Dec/2001," 403,561.63 "," 223,209.95 "," 626,771.58 "," 664,190.18 ", -   , -   ," 664,190.18 "," 209,792.99 ", 979.58 ," 60,508.31 ", -   ," 402,835.56 "," 19,283.10 ", -   , -   , -   , -   , -   , -   , -   , -   , -   , -   ," 1,984,361.31 ",,,,,,,,,,,,,,,,,,,,,,,,,,,,,,,,,
,Jan/2002," 368,935.53 "," 200,309.85 "," 569,245.38 "," 726,672.60 ", -   , -   ," 726,672.60 "," 196,068.61 "," 1,722.92 "," 51,969.77 ", -   ," 512,580.55 "," 16,971.66 ", -   , -   , -   , -   , -   , -   ," 37,593.98 ", -   , -   , -   ," 2,112,825.45 ",,,,,,,,,,,,,,,,,,,,,,,,,,,,,,,,,
,Feb/2002," 348,917.79 "," 183,119.34 "," 532,037.13 "," 694,344.78 ", -   , -   ," 694,344.78 "," 180,209.80 ", 923.92 ," 42,796.92 ", -   ," 506,069.63 "," 22,834.54 ", -   , -   , -   , -   , -   , -   ," 85,710.75 ", -   , -   , -   ," 2,064,927.45 ",,,,,,,,,,,,,,,,,,,,,,,,,,,,,,,,,
,Mar/2002," 385,044.97 "," 212,711.71 "," 597,756.68 "," 656,379.29 ", -   , -   ," 656,379.29 "," 186,680.97 "," 1,082.92 "," 53,352.86 ", -   ," 446,878.07 "," 22,891.19 ", -   , -   , -   , -   , -   , -   ," 64,873.73 ", -   , -   , -   ," 2,029,895.69 ",,,,,,,,,,,,,,,,,,,,,,,,,,,,,,,,,
,Apr/2002," 379,741.98 "," 204,765.62 "," 584,507.60 "," 683,646.17 ", -   , -   ," 683,646.17 "," 196,167.16 "," 1,295.92 "," 51,056.14 ", -   ," 450,736.26 "," 35,584.54 ", -   , -   , -   , -   , -   , -   ," 40,923.47 ", -   , -   , -   ," 2,043,917.24 ",,,,,,,,,,,,,,,,,,,,,,,,,,,,,,,,,
,May/2002," 375,054.64 "," 201,083.51 "," 576,138.15 "," 707,165.47 ", -   , -   ," 707,165.47 "," 201,612.36 "," 1,671.92 "," 52,716.55 ", -   ," 539,547.91 "," 27,945.59 ", -   , -   , -   , -   , -   , -   ," 62,407.67 ", -   , -   , -   ," 2,169,205.60 ",,,,,,,,,,,,,,,,,,,,,,,,,,,,,,,,,
,Jun/2002," 371,138.59 "," 187,629.42 "," 558,768.01 "," 667,820.71 ", -   , -   ," 667,820.71 "," 193,024.40 ", 638.92 ," 50,501.35 ", -   ," 456,986.27 "," 20,228.04 ", -   , -   , -   , -   , -   , -   ," 22,963.62 ", -   , -   , -   ," 1,970,931.30 ",,,,,,,,,,,,,,,,,,,,,,,,,,,,,,,,,
,Jul/2002," 399,944.65 "," 201,692.64 "," 601,637.29 "," 656,761.60 ", -   , -   ," 656,761.60 "," 204,196.24 "," 2,062.92 "," 55,179.82 ", -   ," 492,323.44 "," 14,042.27 ", -   , -   , -   , -   , -   , -   ," 48,749.90 ", -   , -   , -   ," 2,074,953.47 ",,,,,,,,,,,,,,,,,,,,,,,,,,,,,,,,,
,Aug/2002," 392,355.62 "," 205,240.77 "," 597,596.39 "," 657,099.74 ", -   , -   ," 657,099.74 "," 213,625.43 "," 1,825.92 "," 51,119.79 ", -   ," 429,935.51 "," 13,715.92 ", -   , -   , -   , -   , -   , -   ," 13,351.58 ", -   , -   , -   ," 1,978,270.27 ",,,,,,,,,,,,,,,,,,,,,,,,,,,,,,,,,
,Sep/2002," 347,191.44 "," 177,614.80 "," 524,806.24 "," 653,664.60 ", -   , -   ," 653,664.60 "," 209,849.76 "," 1,416.92 "," 46,923.97 ", -   ," 381,600.34 "," 13,512.87 ", -   , -   , -   , -   , -   , -   ," 49,713.58 ", -   , -   , -   ," 1,881,488.26 ",,,,,,,,,,,,,,,,,,,,,,,,,,,,,,,,,
,Oct/2002," 381,595.20 "," 203,097.24 "," 584,692.44 "," 653,053.27 ", -   , -   ," 653,053.27 "," 212,932.33 "," 1,834.92 "," 61,834.38 ", -   ," 320,349.21 "," 10,066.27 ", -   , -   , -   , -   , -   , -   ," 40,876.58 ", -   , -   , -   ," 1,885,639.38 ",,,,,,,,,,,,,,,,,,,,,,,,,,,,,,,,,
,Nov/2002," 384,334.22 "," 207,629.81 "," 591,964.03 "," 671,401.33 ", -   , -   ," 671,401.33 "," 210,000.55 "," 1,552.92 "," 50,783.20 ", -   ," 438,764.90 "," 16,772.08 ", -   , -   , -   , -   , -   , -   ," 43,455.58 ", -   , -   , -   ," 2,024,694.57 ",,,,,,,,,,,,,,,,,,,,,,,,,,,,,,,,,
,Dec/2002," 400,645.42 "," 199,619.27 "," 600,264.69 "," 676,192.45 ", -   , -   ," 676,192.45 "," 223,830.40 "," 1,397.92 "," 55,123.28 ", -   ," 490,960.95 "," 13,946.07 ", -   , -   , -   , -   , -   , -   ," 52,341.58 ", -   , -   , -   ," 2,114,057.32 ",,,,,,,,,,,,,,,,,,,,,,,,,,,,,,,,,
,Jan/2003," 376,516.58 "," 193,713.62 "," 570,230.20 "," 769,843.30 ", -   , -   ," 769,843.30 "," 213,268.98 "," 2,009.00 "," 55,260.55 ", -   ," 459,765.40 "," 19,127.77 ", -   , -   , -   , -   , -   , -   ," 23,392.00 ", -   , -   , -   ," 2,112,897.20 ",,,,,,,,,,,,,,,,,,,,,,,,,,,,,,,,,
,Feb/2003," 355,760.81 "," 184,354.61 "," 540,115.42 "," 709,783.58 ", -   , -   ," 709,783.58 "," 206,815.01 "," 1,166.00 "," 45,243.65 ", -   ," 377,181.42 "," 34,700.38 ", -   , -   , -   , -   , -   , -   ," 61,772.00 ", -   , -   , -   ," 1,976,777.46 ",,,,,,,,,,,,,,,,,,,,,,,,,,,,,,,,,
,Mar/2003," 361,880.87 "," 201,443.37 "," 563,324.24 "," 786,484.49 ", -   , -   ," 786,484.49 "," 216,427.95 "," 2,039.00 "," 51,161.05 ", -   ," 516,535.35 "," 56,138.58 ", -   , -   , -   , -   , -   , -   ," 94,892.00 ", -   , -   , -   ," 2,287,002.66 ",,,,,,,,,,,,,,,,,,,,,,,,,,,,,,,,,
,Apr/2003," 377,395.17 "," 219,004.31 "," 596,399.48 "," 709,626.39 ", -   , -   ," 709,626.39 "," 204,403.51 "," 1,469.00 "," 50,488.24 ", -   ," 502,634.98 "," 47,408.44 ", -   , -   , -   , -   , -   , -   ," 36,935.00 ", -   , -   , -   ," 2,149,365.04 ",,,,,,,,,,,,,,,,,,,,,,,,,,,,,,,,,
,May/2003," 390,624.27 "," 200,407.18 "," 591,031.45 "," 755,982.05 ", -   , -   ," 755,982.05 "," 216,452.75 "," 1,387.00 "," 50,951.19 ", -   ," 565,746.99 "," 49,995.62 ", -   , -   , -   , -   , -   , -   ," 106,406.00 ", -   , -   , -   ," 2,337,953.05 ",,,,,,,,,,,,,,,,,,,,,,,,,,,,,,,,,
,Jun/2003," 346,941.84 "," 168,327.72 "," 515,269.56 "," 641,540.08 ", -   , -   ," 641,540.08 "," 212,069.04 "," 1,309.00 "," 50,662.66 ", -   ," 410,520.40 "," 37,720.89 ", -   , -   , -   , -   , -   , -   ," 61,528.00 ", -   , -   , -   ," 1,930,619.63 ",,,,,,,,,,,,,,,,,,,,,,,,,,,,,,,,,
,Jul/2003," 377,178.84 "," 174,317.57 "," 551,496.41 "," 631,704.12 ", -   , -   ," 631,704.12 "," 231,172.01 "," 1,662.00 "," 59,604.95 ", -   ," 438,350.49 "," 38,616.19 ", -   , -   , -   , -   , -   , -   ," 57,764.00 ", -   , -   , -   ," 2,010,370.17 ",,,,,,,,,,,,,,,,,,,,,,,,,,,,,,,,,
,Aug/2003," 355,682.72 "," 171,665.05 "," 527,347.77 "," 613,428.55 ", -   , -   ," 613,428.55 "," 222,312.71 "," 1,152.00 "," 54,601.10 ", -   ," 464,485.57 "," 35,878.39 ", -   , -   , -   , -   , -   , -   ," 40,642.00 ", -   , -   , -   ," 1,959,848.09 ",,,,,,,,,,,,,,,,,,,,,,,,,,,,,,,,,
,Sep/2003," 348,659.02 "," 174,757.95 "," 523,416.97 "," 582,989.47 ", -   , -   ," 582,989.47 "," 225,703.05 "," 1,617.00 "," 52,876.98 ", -   ," 357,778.24 "," 41,167.35 ", -   , -   , -   , -   , -   , -   ," 61,611.60 ", -   , -   , -   ," 1,847,160.66 ",,,,,,,,,,,,,,,,,,,,,,,,,,,,,,,,,
,Oct/2003," 392,041.78 "," 209,314.45 "," 601,356.23 "," 722,763.60 ", -   , -   ," 722,763.60 "," 239,665.04 "," 1,115.00 "," 54,999.76 ", -   ," 614,187.67 "," 32,848.56 ", -   , -   , -   , -   , -   , -   ," 52,466.00 ", -   , -   , -   ," 2,319,401.86 ",,,,,,,,,,,,,,,,,,,,,,,,,,,,,,,,,
,Nov/2003," 330,640.23 "," 168,510.00 "," 499,150.23 "," 639,828.39 ", -   , -   ," 639,828.39 "," 229,612.35 ", 612.00 ," 56,216.77 ", -   ," 697,861.80 "," 38,513.22 ", -   , -   , -   , -   , -   , -   ," 65,943.03 ", -   , -   , -   ," 2,227,737.79 ",,,,,,,,,,,,,,,,,,,,,,,,,,,,,,,,,
,Dec/2003," 391,327.66 "," 196,081.99 "," 587,409.65 "," 652,872.45 ", -   , -   ," 652,872.45 "," 247,544.64 ", 903.00 ," 61,415.10 ", -   ," 340,583.67 "," 31,050.77 ", -   , -   , -   , -   , -   , -   ," 58,499.66 ", -   , -   , -   ," 1,980,278.94 ",,,,,,,,,,,,,,,,,,,,,,,,,,,,,,,,,
,Jan/2004," 381,547.72 "," 203,975.57 "," 585,523.29 "," 656,987.40 ", -   , -   ," 656,987.40 "," 235,284.97 "," 1,295.00 "," 54,764.80 ", -   ," 430,693.77 "," 31,681.40 "," 83,419.99 ", -   , -   , -   , -   , -   ," 87,146.00 ", -   , -   , -   ," 2,166,796.61 ",,,,,,,,,,,,,,,,,,,,,,,,,,,,,,,,,
,Feb/2004," 339,576.46 "," 180,290.24 "," 519,866.70 "," 659,540.43 ", -   , -   ," 659,540.43 "," 213,288.68 "," 2,734.00 "," 50,279.30 ", -   ," 381,997.15 "," 34,556.73 "," 40,040.00 ", -   , -   , -   , -   , -   ," 74,043.00 ", -   ," 48,278.00 ", -   ," 2,024,623.99 ",,,,,,,,,,,,,,,,,,,,,,,,,,,,,,,,,
,Mar/2004," 379,687.46 "," 206,455.62 "," 586,143.08 "," 746,236.84 ", -   , -   ," 746,236.84 "," 233,426.35 "," 1,238.00 "," 57,919.10 ", -   ," 426,729.00 "," 39,057.06 "," 47,740.00 ", -   , -   , -   , -   , -   ," 59,087.00 ", -   ," 113,372.00 ", -   ," 2,310,948.43 ",,,,,,,,,,,,,,,,,,,,,,,,,,,,,,,,,
,Apr/2004," 357,595.81 "," 182,379.92 "," 539,975.73 "," 633,766.06 ", -   , -   ," 633,766.06 "," 217,530.88 "," 1,124.00 "," 59,607.60 ", -   ," 368,839.70 "," 41,073.00 "," 63,398.50 ", -   , -   , -   , -   , -   ," 34,697.00 ", -   ," 146,362.00 ", -   ," 2,106,374.47 ",,,,,,,,,,,,,,,,,,,,,,,,,,,,,,,,,
,May/2004," 322,596.73 "," 160,741.90 "," 483,338.63 "," 556,369.70 ", -   , -   ," 556,369.70 "," 225,959.05 ", 968.00 ," 60,199.10 ", -   ," 400,866.77 "," 31,988.71 "," 79,761.00 ", -   , -   , -   , -   , -   ," 52,403.00 ", -   ," 176,927.00 ", -   ," 2,068,780.96 ",,,,,,,,,,,,,,,,,,,,,,,,,,,,,,,,,
,Jun/2004," 318,811.50 "," 164,782.50 "," 483,594.00 "," 560,393.48 ", -   , -   ," 560,393.48 "," 225,673.46 ", 776.00 ," 55,658.60 ", -   ," 335,267.91 "," 45,451.10 "," 67,864.50 ", -   , -   , -   , -   , -   ," 60,590.00 ", -   ," 161,297.00 ", -   ," 1,996,566.05 ",,,,,,,,,,,,,,,,,,,,,,,,,,,,,,,,,
,Jul/2004," 346,413.66 "," 182,642.41 "," 529,056.07 "," 583,098.55 ", -   , -   ," 583,098.55 "," 243,064.07 "," 1,725.00 "," 68,394.80 ", -   ," 320,546.15 "," 29,127.74 "," 68,343.00 ", -   , -   , -   , -   , -   ," 39,999.00 ", -   ," 176,388.00 ", -   ," 2,059,742.38 ",,,,,,,,,,,,,,,,,,,,,,,,,,,,,,,,,
,Aug/2004," 390,304.28 "," 207,432.80 "," 597,737.08 "," 699,610.80 ", -   , -   ," 699,610.80 "," 236,324.77 ", 759.00 ," 62,772.70 ", -   ," 333,848.59 "," 30,990.92 "," 64,845.00 ", -   , -   , -   , -   , -   ," 40,389.00 ", -   ," 184,302.00 ", -   ," 2,251,579.86 ",,,,,,,,,,,,,,,,,,,,,,,,,,,,,,,,,
,Sep/2004," 364,689.84 "," 194,240.55 "," 558,930.39 "," 612,639.57 ", -   , -   ," 612,639.57 "," 225,204.18 "," 1,418.00 "," 53,387.80 ", -   ," 376,693.43 "," 24,259.26 ", -   , -   , -   , -   , -   , -   ," 26,770.00 ", -   ," 174,244.00 ", -   ," 2,053,546.63 ",,,,,,,,,,,,,,,,,,,,,,,,,,,,,,,,,
,Oct/2004," 380,441.55 "," 200,323.53 "," 580,765.08 "," 619,084.79 ", -   , -   ," 619,084.79 "," 229,626.06 "," 1,886.00 "," 59,383.30 ", -   ," 323,360.76 "," 18,477.29 "," 130,845.00 ", -   , -   , -   , -   , -   ," 40,583.00 ", -   ," 171,384.00 ", -   ," 2,175,395.28 ",,,,,,,,,,,,,,,,,,,,,,,,,,,,,,,,,
,Nov/2004," 378,498.60 "," 214,509.65 "," 593,008.25 "," 705,298.16 ", -   , -   ," 705,298.16 "," 225,593.82 "," 1,435.00 "," 56,250.20 ", -   ," 328,267.45 "," 18,502.20 "," 69,437.50 ", -   , -   , -   , -   , -   ," 37,413.09 ", -   ," 158,324.00 ", -   ," 2,193,529.67 ",,,,,,,,,,,,,,,,,,,,,,,,,,,,,,,,,
,Dec/2004," 429,109.10 "," 236,733.03 "," 665,842.13 "," 761,864.30 ", -   , -   ," 761,864.30 "," 241,915.01 "," 1,419.00 "," 63,695.80 ", -   ," 289,338.80 "," 14,061.36 "," 79,546.50 ", -   , -   , -   , -   , -   ," 43,894.00 ", -   ," 180,450.00 ", -   ," 2,342,026.90 ",,,,,,,,,,,,,,,,,,,,,,,,,,,,,,,,,
,Jan/2005," 321,382.14 "," 209,901.60 "," 531,283.74 "," 724,692.36 ", -   , -   ," 724,692.36 "," 227,154.97 "," 1,497.00 "," 10,015.10 "," 48,943.20 "," 260,522.63 "," 17,015.36 "," 98,428.00 ", -   , -   , -   , -   , -   ," 31,108.09 ", -   ," 148,655.00 ", -   ," 2,099,315.45 ",,,,,,,,,,,,,,,,,,,,,,,,,,,,,,,,,
,Feb/2005," 375,768.83 "," 198,775.61 "," 574,544.44 "," 717,116.77 ", -   , -   ," 717,116.77 "," 211,814.38 "," 1,705.00 "," 9,557.40 "," 39,285.80 "," 280,847.96 "," 29,448.99 "," 64,718.50 ", -   , -   , -   , -   , -   ," 43,384.28 ", -   ," 152,244.00 ", -   ," 2,124,667.52 ",,,,,,,,,,,,,,,,,,,,,,,,,,,,,,,,,
,Mar/2005," 410,241.93 "," 231,358.58 "," 641,600.51 "," 802,139.58 ", -   , -   ," 802,139.58 "," 224,387.03 "," 1,282.00 "," 9,416.30 "," 48,358.60 "," 404,657.12 "," 38,075.98 "," 92,735.50 ", -   , -   , -   , -   , -   ," 32,149.00 ", -   ," 168,846.00 ", -   ," 2,463,647.62 ",,,,,,,,,,,,,,,,,,,,,,,,,,,,,,,,,
,Apr/2005," 389,737.16 "," 225,644.89 "," 615,382.05 "," 803,996.93 ", -   , -   ," 803,996.93 "," 218,555.21 ", 917.00 ," 5,506.20 "," 39,340.90 "," 387,064.14 "," 40,602.97 "," 131,785.50 ", -   , -   , -   , -   , -   ," 47,388.00 ", -   ," 182,433.00 ", -   ," 2,472,971.90 ",,,,,,,,,,,,,,,,,,,,,,,,,,,,,,,,,
,May/2005," 343,762.52 "," 187,048.26 "," 530,810.78 "," 715,360.44 ", -   , -   ," 715,360.44 "," 230,568.15 "," 1,335.00 "," 6,820.90 "," 36,827.20 "," 506,432.44 "," 40,536.60 "," 129,277.50 ", -   , -   , -   , -   , -   ," 55,515.00 ", -   ," 167,907.00 ", -   ," 2,421,391.01 ",,,,,,,,,,,,,,,,,,,,,,,,,,,,,,,,,
,Jun/2005," 351,906.82 "," 202,161.79 "," 554,068.61 "," 681,743.36 ", -   , -   ," 681,743.36 "," 223,151.26 "," 1,412.00 "," 8,013.70 "," 44,188.10 "," 562,186.30 "," 39,064.02 "," 69,657.50 ", -   , -   , -   , -   , -   ," 55,190.00 ", -   ," 166,798.00 ", -   ," 2,405,472.85 ",,,,,,,,,,,,,,,,,,,,,,,,,,,,,,,,,
,Jul/2005," 389,172.65 "," 213,821.77 "," 602,994.42 "," 678,614.47 ", -   , -   ," 678,614.47 "," 236,140.08 "," 1,678.00 "," 5,335.40 "," 50,690.50 "," 334,178.36 "," 34,049.77 "," 64,702.00 ", -   , -   , -   , -   , -   ," 50,986.00 ", -   ," 122,064.00 ", -   ," 2,181,433.00 ",,,,,,,,,,,,,,,,,,,,,,,,,,,,,,,,,
,Aug/2005," 396,871.12 "," 212,696.38 "," 609,567.50 "," 693,681.13 ", -   , -   ," 693,681.13 "," 242,734.74 "," 1,106.00 "," 8,509.90 "," 47,309.30 "," 305,370.13 "," 29,237.36 "," 86,713.00 ", -   , -   , -   , -   , -   ," 61,600.00 ", -   ," 158,944.00 ", -   ," 2,244,773.06 ",,,,,,,,,,,,,,,,,,,,,,,,,,,,,,,,,
,Sep/2005," 378,887.62 "," 196,776.87 "," 575,664.49 "," 666,258.37 ", -   , -   ," 666,258.37 "," 223,283.87 "," 1,309.00 "," 5,904.70 "," 40,131.20 "," 238,571.81 "," 26,273.57 "," 87,345.50 ", -   , -   , -   , -   , -   ," 11,689.00 ", -   ," 103,761.00 ", -   ," 1,980,192.51 ",,,,,,,,,,,,,,,,,,,,,,,,,,,,,,,,,
,Oct/2005," 328,052.56 "," 192,270.24 "," 520,322.80 "," 589,830.24 ", -   , -   ," 589,830.24 "," 213,139.58 ", 996.00 ," 7,862.90 "," 49,322.50 "," 230,464.40 "," 5,405.34 "," 84,210.50 ", -   , -   , -   , -   , -   ," 7,770.00 ", -   ," 91,025.00 ", -   ," 1,800,349.26 ",,,,,,,,,,,,,,,,,,,,,,,,,,,,,,,,,
,Nov/2005," 360,869.14 "," 185,251.12 "," 546,120.26 "," 701,255.47 ", -   , -   ," 701,255.47 "," 222,988.53 "," 1,624.00 "," 7,266.30 "," 23,955.90 "," 302,297.60 "," 13,712.31 "," 77,429.00 ", -   , -   , -   , -   , -   ," 35,384.00 ", -   ," 183,012.00 ", -   ," 2,115,045.37 ",,,,,,,,,,,,,,,,,,,,,,,,,,,,,,,,,
,Dec/2005," 448,688.52 "," 241,035.13 "," 689,723.65 "," 775,027.20 ", -   , -   ," 775,027.20 "," 225,410.43 "," 1,457.00 "," 8,298.30 "," 50,005.00 "," 285,933.09 "," 25,971.31 "," 99,434.50 ", -   , -   , -   , -   , -   ," 51,257.00 ", -   ," 163,364.00 ", -   ," 2,375,881.48 ",,,,,,,,,,,,,,,,,,,,,,,,,,,,,,,,,
,Jan/2006," 382,078.88 "," 211,152.72 "," 593,231.60 "," 750,946.36 ", -   , -   ," 750,946.36 "," 217,867.31 "," 1,307.00 "," 7,111.60 "," 45,851.00 "," 271,228.13 "," 26,454.21 "," 98,549.00 ", -   , -   , -   , -   , -   ," 38,294.00 ", -   ," 163,706.00 ", -   ," 2,214,546.21 ",,,,,,,,,,,,,,,,,,,,,,,,,,,,,,,,,
,Feb/2006," 367,944.25 "," 200,551.40 "," 568,495.65 "," 734,530.76 ", -   , -   ," 734,530.76 "," 212,328.61 "," 1,735.00 "," 6,390.90 "," 43,198.90 "," 228,414.98 "," 33,494.00 "," 101,057.00 ", -   , -   , -   , -   , -   ," 43,150.00 ", -   ," 152,377.00 ", -   ," 2,125,172.80 ",,,,,,,,,,,,,,,,,,,,,,,,,,,,,,,,,
,Mar/2006," 427,567.58 "," 233,082.86 "," 660,650.44 "," 875,047.29 ", -   , -   ," 875,047.29 "," 232,405.36 "," 1,585.00 "," 7,416.60 "," 45,311.90 "," 338,067.89 "," 48,745.00 "," 82,582.50 ", -   , -   , -   , -   , -   ," 29,621.00 ", -   ," 151,247.00 ", -   ," 2,472,679.98 ",,,,,,,,,,,,,,,,,,,,,,,,,,,,,,,,,
,Apr/2006," 392,050.29 "," 223,479.45 "," 615,529.74 "," 711,185.23 ", -   , -   ," 711,185.23 "," 207,612.27 "," 1,497.00 "," 8,600.50 "," 44,322.20 "," 445,994.72 "," 36,478.00 "," 89,331.00 ", -   , -   , -   , -   , -   ," 59,859.00 ", -   ," 29,039.00 ", -   ," 2,249,448.66 ",,,,,,,,,,,,,,,,,,,,,,,,,,,,,,,,,
,May/2006," 379,832.55 "," 222,710.90 "," 602,543.45 "," 734,289.15 ", -   , -   ," 734,289.15 "," 232,489.83 "," 1,400.00 "," 6,151.30 "," 44,047.10 "," 628,053.53 "," 40,882.00 "," 96,222.50 ", -   , -   , -   , -   , -   ," 29,498.00 ", -   , -   , -   ," 2,415,576.86 ",,,,,,,,,,,,,,,,,,,,,,,,,,,,,,,,,
,Jun/2006," 364,359.35 "," 196,511.22 "," 560,870.57 "," 672,428.87 ", -   , -   ," 672,428.87 "," 236,563.83 "," 1,362.00 "," 3,720.30 "," 42,531.90 "," 399,380.67 "," 22,806.00 "," 101,684.00 ", -   , -   , -   , -   , -   ," 30,854.00 ", -   , -   , -   ," 2,072,202.14 ",,,,,,,,,,,,,,,,,,,,,,,,,,,,,,,,,
,Jul/2006," 392,252.91 "," 210,255.70 "," 602,508.61 "," 684,438.70 ", -   , -   ," 684,438.70 "," 239,767.85 "," 1,552.00 "," 6,128.60 "," 43,381.80 "," 408,695.20 "," 34,461.58 "," 97,361.00 ", -   , -   , -   , -   , -   ," 59,117.27 ", -   , -   , -   ," 2,177,412.61 ",,,,,,,,,,,,,,,,,,,,,,,,,,,,,,,,,
,Aug/2006," 394,585.28 "," 211,202.14 "," 605,787.42 "," 707,219.69 ", -   , -   ," 707,219.69 "," 245,672.02 "," 1,942.00 "," 7,918.70 "," 44,489.50 "," 412,953.69 "," 29,068.07 "," 89,875.50 ", -   , -   , -   , -   , -   ," 42,171.03 ", -   ," 1,471.00 ", -   ," 2,188,568.62 ",,,,,,,,,,,,,,,,,,,,,,,,,,,,,,,,,
,Sep/2006," 382,724.97 "," 204,369.99 "," 587,094.96 "," 650,791.38 ", -   , -   ," 650,791.38 "," 256,040.10 "," 1,576.00 "," 6,691.20 "," 37,449.20 "," 283,514.35 "," 22,311.30 "," 111,782.00 ", -   , -   , -   , -   , -   ," 39,823.10 ", -   , -   , -   ," 1,997,073.59 ",,,,,,,,,,,,,,,,,,,,,,,,,,,,,,,,,
,Oct/2006," 400,793.81 "," 203,061.39 "," 603,855.20 "," 683,543.13 ", -   , -   ," 683,543.13 "," 238,514.63 "," 1,845.00 "," 7,884.20 "," 37,891.80 "," 464,238.85 "," 25,204.67 "," 48,735.50 ", -   , -   , -   , -   , -   ," 28,499.79 ", -   , -   , -   ," 2,140,212.77 ",,,,,,,,,,,,,,,,,,,,,,,,,,,,,,,,,
,Nov/2006," 401,922.57 "," 205,541.91 "," 607,464.48 "," 739,181.99 ", -   , -   ," 739,181.99 "," 228,417.44 "," 1,618.91 "," 7,669.50 "," 40,998.50 "," 523,491.30 "," 36,772.97 "," 109,186.00 ", -   , -   , -   , -   , -   ," 21,777.27 ", -   , -   , -   ," 2,316,578.36 ",,,,,,,,,,,,,,,,,,,,,,,,,,,,,,,,,
,Dec/2006," 454,373.13 "," 233,936.83 "," 688,309.96 "," 776,330.26 ", -   , -   ," 776,330.26 "," 236,333.11 "," 1,959.00 "," 9,049.50 "," 51,753.60 "," 384,849.54 "," 27,047.99 "," 110,896.50 ", -   , -   , -   , -   , -   ," 34,342.70 ", -   , -   , -   ," 2,320,872.16 ",,,,,,,,,,,,,,,,,,,,,,,,,,,,,,,,,
,Jan/2007," 418,412.86 "," 216,560.79 "," 634,973.65 "," 810,372.66 ", -   , -   ," 810,372.66 "," 217,344.66 "," 1,657.00 "," 9,659.80 "," 47,659.20 "," 481,365.90 "," 36,112.06 "," 118,327.00 ", -   , -   , -   , -   , -   ," 55,217.79 ", -   , -   , -   ," 2,412,689.72 ",,,,,,,,,,,,,,,,,,,,,,,,,,,,,,,,,
,Feb/2007," 401,425.14 "," 204,991.91 "," 606,417.05 "," 799,394.60 ", -   , -   ," 799,394.60 "," 211,149.36 "," 1,606.00 "," 5,162.40 "," 42,101.80 "," 441,178.90 "," 35,844.96 "," 89,353.00 ", -   , -   , -   , -   , -   ," 38,218.66 ", -   , -   , -   ," 2,270,426.73 ",,,,,,,,,,,,,,,,,,,,,,,,,,,,,,,,,
,Mar/2007," 454,731.09 "," 239,019.91 "," 693,751.00 "," 956,680.19 ", -   , -   ," 956,680.19 "," 264,115.98 "," 1,665.00 "," 7,526.90 "," 54,082.40 "," 537,373.86 "," 47,101.77 "," 101,887.50 ", -   , -   , -   , -   , -   ," 57,660.84 ", -   , -   , -   ," 2,721,845.44 ",,,,,,,,,,,,,,,,,,,,,,,,,,,,,,,,,
,Apr/2007," 403,732.56 "," 217,536.23 "," 621,268.79 "," 758,988.58 ", -   , -   ," 758,988.58 "," 224,818.88 "," 1,550.00 "," 7,512.60 "," 44,957.10 "," 480,634.06 "," 38,731.92 "," 91,234.00 ", -   , -   , -   , -   , -   ," 46,865.77 ", -   , -   , -   ," 2,316,561.70 ",,,,,,,,,,,,,,,,,,,,,,,,,,,,,,,,,
,May/2007," 426,414.71 "," 224,400.73 "," 650,815.44 "," 811,703.69 ", -   , -   ," 811,703.69 "," 259,749.48 "," 1,458.00 "," 11,518.60 "," 46,178.50 "," 624,648.80 "," 44,730.69 "," 78,331.00 ", -   , -   , -   , -   , -   ," 47,491.42 ", -   , -   , -   ," 2,576,625.62 ",,,,,,,,,,,,,,,,,,,,,,,,,,,,,,,,,
,Jun/2007," 390,991.36 "," 217,473.91 "," 608,465.27 "," 720,896.77 ", -   , -   ," 720,896.77 "," 244,505.28 ", 908.00 ," 14,318.30 "," 46,459.40 "," 666,096.20 "," 25,509.90 "," 83,270.00 ", -   , -   , -   , -   , -   ," 36,586.80 ", -   , -   , -   ," 2,447,015.92 ",,,,,,,,,,,,,,,,,,,,,,,,,,,,,,,,,
,Jul/2007," 416,497.41 "," 219,874.23 "," 636,371.64 "," 721,550.61 ", -   , -   ," 721,550.61 "," 261,555.62 "," 1,381.00 "," 11,812.20 "," 55,620.50 "," 680,178.90 "," 41,652.90 "," 99,957.00 ", -   , -   , -   , -   , -   ," 66,993.71 ", -   , -   , -   ," 2,577,074.08 ",,,,,,,,,,,,,,,,,,,,,,,,,,,,,,,,,
,Aug/2007," 411,088.53 "," 236,565.57 "," 647,654.10 "," 736,620.90 ", -   , -   ," 736,620.90 "," 267,634.12 "," 1,571.00 "," 16,179.40 "," 50,337.00 "," 529,257.62 "," 32,132.95 "," 117,265.50 ", -   , -   , -   , -   , -   ," 36,100.50 ", -   , -   , -   ," 2,434,753.09 ",,,,,,,,,,,,,,,,,,,,,,,,,,,,,,,,,
,Sep/2007," 390,568.99 "," 207,241.84 "," 597,810.83 "," 669,587.88 ", -   , -   ," 669,587.88 "," 254,081.76 "," 1,243.00 "," 9,016.50 "," 46,392.80 "," 374,139.35 "," 21,666.59 "," 101,530.00 ", -   , -   , -   , -   , -   ," 48,278.98 ", -   , -   , -   ," 2,123,747.69 ",,,,,,,,,,,,,,,,,,,,,,,,,,,,,,,,,
,Oct/2007," 419,001.81 "," 224,750.77 "," 643,752.58 "," 738,702.86 ", -   , -   ," 738,702.86 "," 264,936.66 "," 1,284.00 "," 13,724.20 "," 50,839.90 "," 384,625.95 "," 23,741.47 "," 105,314.00 ", -   , -   , -   , -   , -   ," 22,628.56 ", -   , -   , -   ," 2,249,550.18 ",,,,,,,,,,,,,,,,,,,,,,,,,,,,,,,,,
,Nov/2007," 417,490.77 "," 218,116.79 "," 635,607.56 "," 779,547.05 ", -   , -   ," 779,547.05 "," 250,108.61 "," 1,477.00 "," 13,720.90 "," 48,631.60 "," 515,855.99 "," 36,281.17 "," 73,557.00 ", -   , -   , -   , -   , -   ," 52,597.23 ", -   , -   , -   ," 2,407,384.11 ",,,,,,,,,,,,,,,,,,,,,,,,,,,,,,,,,
,Dec/2007," 438,542.79 "," 252,394.11 "," 690,936.91 "," 768,886.87 ", -   , -   ," 768,886.87 "," 253,659.53 "," 1,009.00 "," 23,241.60 "," 52,596.00 "," 431,419.38 "," 36,570.14 "," 100,226.50 ", -   , -   , -   , -   , -   ," 47,879.57 ", -   , -   , -   ," 2,406,425.50 ",,,,,,,,,,,,,,,,,,,,,,,,,,,,,,,,,
,Jan/2008," 403,266.74 "," 213,645.39 "," 616,912.13 "," 797,668.91 ", -   , -   ," 797,668.91 "," 252,508.33 "," 1,989.20 "," 23,736.50 "," 50,760.20 "," 433,142.36 "," 33,627.86 "," 95,308.84 ", -   , -   , -   , -   , -   ," 43,860.96 ", -   , -   , -   ," 2,349,515.29 ",,,,,,,,,,,,,,,,,,,,,,,,,,,,,,,,,
,Feb/2008," 407,735.55 "," 215,873.67 "," 623,609.22 "," 794,000.25 ", -   , -   ," 794,000.25 "," 241,978.08 "," 1,282.48 "," 12,268.80 "," 49,177.79 "," 430,602.16 "," 27,023.37 "," 59,523.70 ", -   , -   , -   , -   , -   ," 43,795.41 ", -   , -   , -   ," 2,283,261.26 ",,,,,,,,,,,,,,,,,,,,,,,,,,,,,,,,,
,Mar/2008," 424,157.28 "," 233,761.07 "," 657,918.35 "," 776,026.79 ", -   , -   ," 776,026.79 "," 247,679.04 "," 1,282.24 "," 11,053.60 "," 54,474.23 "," 433,126.79 "," 24,535.08 "," 90,591.99 ", -   , -   , -   , -   , -   ," 33,091.99 ", -   , -   , -   ," 2,329,780.09 ",,,,,,,,,,,,,,,,,,,,,,,,,,,,,,,,,
,Apr/2008," 399,193.53 "," 233,687.28 "," 632,880.81 "," 807,725.77 ", -   , -   ," 807,725.77 "," 243,178.03 "," 1,389.70 "," 9,701.10 "," 50,481.01 "," 521,002.28 "," 28,686.75 "," 107,236.47 ", -   , -   , -   , -   , -   ," 33,710.99 ", -   , -   , -   ," 2,435,992.91 ",,,,,,,,,,,,,,,,,,,,,,,,,,,,,,,,,
,May/2008," 390,882.63 "," 236,635.85 "," 627,518.48 "," 682,326.18 ", -   , -   ," 682,326.18 "," 240,798.46 "," 1,097.20 "," 10,184.30 "," 40,315.15 "," 671,159.46 "," 30,108.84 "," 108,039.42 ", -   , -   , -   , -   , -   ," 29,039.12 ", -   , -   , -   ," 2,440,586.60 ",,,,,,,,,,,,,,,,,,,,,,,,,,,,,,,,,
,Jun/2008," 337,464.32 "," 200,656.57 "," 538,120.89 "," 507,662.65 ", -   , -   ," 507,662.65 "," 242,422.57 ", 961.50 ," 9,387.80 "," 45,117.89 "," 512,787.44 "," 13,816.19 "," 109,057.41 ", -   , -   , -   , -   , -   ," 24,325.03 ", -   , -   , -   ," 2,003,659.37 ",,,,,,,,,,,,,,,,,,,,,,,,,,,,,,,,,
,Jul/2008," 374,847.05 "," 228,640.21 "," 603,487.26 "," 544,399.26 ", -   , -   ," 544,399.26 "," 243,531.97 "," 1,376.00 "," 12,510.70 "," 53,791.45 "," 374,959.04 "," 13,246.41 "," 85,805.50 ", -   , -   , -   , -   , -   ," 20,392.63 ", -   , -   , -   ," 1,953,500.22 ",,,,,,,,,,,,,,,,,,,,,,,,,,,,,,,,,
,Aug/2008," 378,363.76 "," 227,499.00 "," 605,862.76 "," 556,174.40 ", -   , -   ," 556,174.40 "," 237,062.52 "," 1,296.43 "," 5,642.20 "," 52,969.79 "," 340,442.84 "," 17,823.81 "," 57,263.20 ", -   , -   , -   , -   , -   ," 27,582.41 ", -   , -   , -   ," 1,902,120.35 ",,,,,,,,,,,,,,,,,,,,,,,,,,,,,,,,,
,Sep/2008," 367,962.73 "," 218,214.64 "," 586,177.37 "," 557,802.62 ", -   , -   ," 557,802.62 "," 225,262.46 "," 1,432.72 "," 5,890.80 "," 44,179.04 "," 312,823.32 "," 12,370.70 "," 103,737.26 ", -   , -   , -   , -   , -   ," 27,685.65 ", -   , -   , -   ," 1,877,361.94 ",,,,,,,,,,,,,,,,,,,,,,,,,,,,,,,,,
,Oct/2008," 386,430.40 "," 238,955.44 "," 625,385.84 "," 617,863.13 ", -   , -   ," 617,863.13 "," 263,100.50 "," 1,192.71 "," 4,615.30 "," 43,407.77 "," 327,371.38 "," 16,819.09 "," 76,022.98 ", -   , -   , -   , -   , -   ," 19,914.86 ", -   , -   , -   ," 1,995,693.56 ",,,,,,,,,,,,,,,,,,,,,,,,,,,,,,,,,
,Nov/2008," 375,438.69 "," 238,626.16 "," 614,064.85 "," 688,104.11 ", -   , -   ," 688,104.11 "," 230,092.62 ", 737.48 ," 5,666.50 "," 43,778.49 "," 340,754.09 "," 29,048.29 "," 69,055.69 ", -   , -   , -   , -   , -   ," 40,840.89 ", -   , -   , -   ," 2,062,143.01 ",,,,,,,,,,,,,,,,,,,,,,,,,,,,,,,,,
,Dec/2008," 463,343.73 "," 298,245.47 "," 761,589.20 "," 778,953.84 ", -   , -   ," 778,953.84 "," 245,852.65 "," 1,661.95 "," 12,981.90 "," 47,251.99 "," 327,040.51 "," 28,541.85 "," 10,382.57 ", -   , -   , -   , -   , -   ," 41,920.97 ", -   , -   , -   ," 2,256,177.43 ",,,,,,,,,,,,,,,,,,,,,,,,,,,,,,,,,
,Jan/2009," 424,264.50 "," 273,494.16 "," 697,758.66 "," 800,526.47 ", -   , -   ," 800,526.47 "," 217,372.42 "," 1,198.70 "," 9,922.80 "," 44,522.53 "," 454,789.92 "," 31,963.02 "," 94,486.37 ", -   , -   , -   , -   , -   ," 43,188.98 ", -   , -   , -   ," 2,395,729.87 ",,,,,,,,,,,,,,,,,,,,,,,,,,,,,,,,,
,Feb/2009," 424,438.71 "," 254,667.70 "," 679,106.41 "," 795,050.51 ", -   , -   ," 795,050.51 "," 212,038.24 "," 1,009.24 "," 6,520.70 "," 38,201.07 "," 387,416.95 "," 38,311.50 "," 95,799.17 ", -   , -   , -   , -   , -   ," 52,862.62 ", -   , -   , -   ," 2,306,316.41 ",,,,,,,,,,,,,,,,,,,,,,,,,,,,,,,,,
,Mar/2009," 434,248.69 "," 290,343.28 "," 724,591.97 "," 865,981.57 ", -   , -   ," 865,981.57 "," 235,475.32 "," 1,385.24 "," 8,252.90 "," 42,318.13 "," 401,630.02 "," 59,263.86 "," 98,162.74 ", -   , -   , -   , -   , -   ," 70,567.18 ", -   , -   , -   ," 2,507,628.92 ",,,,,,,,,,,,,,,,,,,,,,,,,,,,,,,,,
,Apr/2009," 454,265.40 "," 290,887.08 "," 745,152.48 "," 822,109.74 ", -   , -   ," 822,109.74 "," 209,739.17 "," 1,018.24 "," 9,120.70 "," 42,656.39 "," 643,776.55 "," 48,545.41 "," 97,879.98 ", -   , -   , -   , -   , -   ," 53,545.56 ", -   , -   , -   ," 2,673,544.22 ",,,,,,,,,,,,,,,,,,,,,,,,,,,,,,,,,
,May/2009," 432,401.49 "," 276,970.67 "," 709,372.16 "," 770,687.28 ", -   , -   ," 770,687.28 "," 221,884.47 "," 1,357.90 "," 7,861.70 "," 35,798.11 "," 682,916.87 "," 48,882.92 "," 101,914.67 ", -   , -   , -   , -   , -   ," 60,585.75 ", -   , -   , -   ," 2,641,261.83 ",,,,,,,,,,,,,,,,,,,,,,,,,,,,,,,,,
,Jun/2009," 393,140.38 "," 252,551.99 "," 645,692.37 "," 703,815.55 ", -   , -   ," 703,815.55 "," 221,329.63 ", 822.80 ," 4,161.60 "," 44,548.27 "," 586,246.02 "," 27,918.98 "," 91,670.87 ", -   , -   , -   , -   , -   ," 37,437.64 ", -   , -   , -   ," 2,363,643.72 ",,,,,,,,,,,,,,,,,,,,,,,,,,,,,,,,,
,Jul/2009," 435,256.09 "," 283,142.05 "," 718,398.14 "," 740,868.09 ", -   , -   ," 740,868.09 "," 241,510.20 "," 1,649.10 "," 11,172.60 "," 46,313.51 "," 450,992.66 "," 37,350.91 "," 110,163.57 ", -   , -   , -   , -   , -   ," 55,471.15 ", -   , -   , -   ," 2,413,889.93 ",,,,,,,,,,,,,,,,,,,,,,,,,,,,,,,,,
,Aug/2009," 409,182.96 "," 267,830.84 "," 677,013.80 "," 692,376.70 ", -   , -   ," 692,376.70 "," 232,174.11 "," 1,458.48 "," 10,701.30 "," 39,851.20 "," 535,359.83 "," 32,129.06 "," 74,197.31 ", -   , -   , -   , -   , -   ," 37,735.48 ", -   , -   , -   ," 2,332,997.27 ",,,,,,,,,,,,,,,,,,,,,,,,,,,,,,,,,
,Sep/2009," 420,238.71 "," 248,994.42 "," 669,233.13 "," 687,435.10 ", -   , -   ," 687,435.10 "," 225,886.43 "," 1,285.30 "," 7,926.60 "," 34,686.54 "," 545,203.30 "," 31,422.61 "," 72,632.73 ", -   , -   , -   , -   , -   ," 29,161.17 ", -   , -   , -   ," 2,304,872.90 ",,,,,,,,,,,,,,,,,,,,,,,,,,,,,,,,,
,Oct/2009," 421,753.29 "," 269,008.52 "," 690,761.81 "," 775,739.56 ", -   , -   ," 775,739.56 "," 235,899.13 "," 1,003.00 "," 10,994.00 "," 37,554.44 "," 643,683.55 "," 25,594.66 "," 94,084.43 ", -   , -   , -   , -   , -   ," 54,414.00 ", -   , -   , -   ," 2,569,728.58 ",,,,,,,,,,,,,,,,,,,,,,,,,,,,,,,,,
,Nov/2009," 391,754.81 "," 212,149.91 "," 603,904.72 "," 738,678.65 ", -   , -   ," 738,678.65 "," 232,172.83 "," 1,412.90 "," 15,251.90 "," 37,672.79 "," 525,804.80 "," 44,273.35 "," 77,337.32 ", -   , -   , -   , -   , -   ," 42,512.45 ", -   , -   , -   ," 2,319,021.70 ",,,,,,,,,,,,,,,,,,,,,,,,,,,,,,,,,
,Dec/2009," 449,842.29 "," 296,805.29 "," 746,647.58 "," 891,670.41 ", -   , -   ," 891,670.41 "," 215,923.38 "," 1,461.00 "," 10,317.60 "," 44,690.11 "," 457,616.74 "," 31,718.72 "," 80,620.82 ", -   , -   , -   , -   , -   ," 50,398.46 ", -   , -   , -   ," 2,531,064.81 ",,,,,,,,,,,,,,,,,,,,,,,,,,,,,,,,,
,Jan/2010," 389,068.41 "," 243,341.49 "," 632,409.90 "," 777,741.34 ", -   , -   ," 777,741.34 "," 228,078.62 ", 850.00 ," 10,204.30 "," 41,227.21 "," 391,820.19 "," 31,511.41 "," 83,732.94 ", -   , -   , -   , -   , -   ," 32,292.30 ", -   , -   , -   ," 2,229,868.21 ",,,,,,,,,,,,,,,,,,,,,,,,,,,,,,,,,
,Feb/2010," 391,195.69 "," 248,207.93 "," 639,403.62 "," 807,692.10 ", -   , -   ," 807,692.10 "," 214,409.69 "," 1,397.00 "," 9,408.70 "," 35,844.67 "," 451,749.94 "," 30,767.71 "," 91,255.01 ", -   , -   , -   , -   , -   ," 30,991.63 ", -   , -   , -   ," 2,312,920.07 ",,,,,,,,,,,,,,,,,,,,,,,,,,,,,,,,,
,Mar/2010," 465,664.59 "," 320,985.41 "," 786,650.00 "," 1,017,058.18 ", -   , -   ," 1,017,058.18 "," 242,081.59 "," 1,329.00 "," 33,330.70 "," 44,598.50 "," 384,792.99 "," 27,017.08 "," 79,706.61 ", -   , -   , -   , -   , -   ," 55,580.16 ", -   , -   , -   ," 2,672,144.80 ",,,,,,,,,,,,,,,,,,,,,,,,,,,,,,,,,
,Apr/2010," 387,063.18 "," 254,872.61 "," 641,935.79 "," 762,770.01 ", -   , -   ," 762,770.01 "," 216,150.67 "," 1,098.00 "," 3,894.50 "," 45,127.02 "," 331,373.92 "," 24,699.45 "," 77,061.27 ", -   , -   , -   , -   , -   ," 24,069.94 ", -   , -   , -   ," 2,128,180.57 ",,,,,,,,,,,,,,,,,,,,,,,,,,,,,,,,,
,May/2010," 381,811.18 "," 238,903.31 "," 620,714.49 "," 721,668.18 ", -   , -   ," 721,668.18 "," 215,523.54 ", 957.00 ," 4,776.00 "," 37,381.07 "," 365,270.01 "," 20,105.26 "," 87,377.40 ", -   , -   , -   , -   , -   ," 55,436.64 ", -   , -   , -   ," 2,129,209.59 ",,,,,,,,,,,,,,,,,,,,,,,,,,,,,,,,,
,Jun/2010," 385,981.10 "," 251,896.39 "," 637,877.49 "," 683,236.54 ", -   , -   ," 683,236.54 "," 226,415.07 ", 940.00 ," 9,185.70 "," 38,418.83 "," 344,237.89 "," 13,669.01 "," 86,113.28 ", -   , -   , -   , -   , -   ," 55,113.23 ", -   , -   , -   ," 2,095,207.04 ",,,,,,,,,,,,,,,,,,,,,,,,,,,,,,,,,
,Jul/2010," 422,481.80 "," 278,700.49 "," 701,182.29 "," 721,584.60 ", -   , -   ," 721,584.60 "," 243,063.35 "," 1,094.00 "," 8,863.10 "," 47,085.53 "," 291,849.33 "," 10,977.10 "," 45,959.65 ", -   , -   , -   , -   , -   ," 38,570.85 ", -   , -   , -   ," 2,110,229.80 ",,,,,,,,,,,,,,,,,,,,,,,,,,,,,,,,,
,Aug/2010," 410,176.39 "," 268,917.79 "," 679,094.18 "," 695,796.33 ", -   , -   ," 695,796.33 "," 245,908.42 "," 1,279.00 "," 6,961.30 "," 45,197.12 "," 212,469.47 "," 10,044.77 "," 95,323.09 ", -   , -   , -   , -   , -   ," 12,877.01 ", -   , -   , -   ," 2,004,950.68 ",,,,,,,,,,,,,,,,,,,,,,,,,,,,,,,,,
,Sep/2010," 396,429.75 "," 266,975.25 "," 663,405.00 "," 687,553.88 ", -   , -   ," 687,553.88 "," 233,404.90 "," 1,694.00 "," 9,110.60 "," 36,057.49 "," 211,385.25 "," 19,136.32 "," 89,908.23 ", -   , -   , -   , -   , -   ," 57,336.39 ", -   , -   , -   ," 2,008,992.05 ",,,,,,,,,,,,,,,,,,,,,,,,,,,,,,,,,
,Oct/2010," 418,305.07 "," 275,031.21 "," 693,336.28 "," 745,415.51 ", -   , -   ," 745,415.51 "," 236,852.35 ", 777.00 ," 5,718.60 "," 38,697.10 "," 216,834.49 "," 23,496.93 "," 63,264.58 ", -   , -   , -   , -   , -   ," 46,381.13 ", -   , -   , -   ," 2,070,773.96 ",,,,,,,,,,,,,,,,,,,,,,,,,,,,,,,,,
,Nov/2010," 409,652.73 "," 273,452.94 "," 683,105.67 "," 785,917.40 ", -   , -   ," 785,917.40 "," 255,841.85 "," 1,538.00 "," 10,443.00 "," 33,407.71 "," 251,863.66 "," 24,354.93 "," 71,750.75 ", -   , -   , -   , -   , -   ," 23,969.94 ", -   , -   , -   ," 2,142,192.90 ",,,,,,,,,,,,,,,,,,,,,,,,,,,,,,,,,
,Dec/2010," 466,766.78 "," 320,807.17 "," 787,573.95 "," 843,762.00 ", -   , -   ," 843,762.00 "," 251,825.20 "," 1,124.00 "," 10,620.70 "," 41,025.05 "," 156,863.43 "," 21,599.07 "," 94,478.95 ", -   , -   , -   , -   , -   ," 53,169.71 ", -   , -   , -   ," 2,262,042.06 ",,,,,,,,,,,,,,,,,,,,,,,,,,,,,,,,,
,Jan/2011," 411,737.33 "," 285,089.04 "," 696,826.37 "," 850,696.79 ", -   , -   ," 850,696.79 "," 244,328.91 "," 1,295.00 "," 12,512.00 "," 30,823.29 "," 264,151.18 "," 17,369.80 "," 106,612.99 ", -   , -   , -   , -   , -   ," 49,396.74 ", -   , -   , -   ," 2,274,013.07 ",,,,,,,,,,,,,,,,,,,,,,,,,,,,,,,,,
,Feb/2011," 391,131.10 "," 269,301.38 "," 660,432.48 "," 819,940.50 ", -   , -   ," 819,940.50 "," 228,479.00 ", 940.00 ," 11,411.50 "," 26,917.52 "," 259,856.17 "," 20,587.76 "," 100,367.74 ", -   , -   , -   , -   , -   ," 39,015.88 ", -   , -   , -   ," 2,167,948.55 ",,,,,,,,,,,,,,,,,,,,,,,,,,,,,,,,,
,Mar/2011," 393,160.91 "," 281,453.75 "," 674,614.66 "," 900,485.91 ", -   , -   ," 900,485.91 "," 255,792.92 "," 1,475.00 "," 11,433.80 "," 34,478.80 "," 395,111.72 "," 25,683.06 "," 118,505.59 ", -   , -   , -   , -   , -   ," 52,874.84 ", -   , -   , -   ," 2,470,456.30 ",,,,,,,,,,,,,,,,,,,,,,,,,,,,,,,,,
,Apr/2011," 386,749.27 "," 285,598.37 "," 672,347.64 "," 797,527.23 ", -   , -   ," 797,527.23 "," 237,582.68 "," 1,107.00 "," 12,796.60 "," 34,179.80 "," 539,928.57 "," 29,703.34 "," 106,152.20 ", -   , -   , -   , -   , -   ," 34,616.09 ", -   , -   , -   ," 2,465,941.15 ",,,,,,,,,,,,,,,,,,,,,,,,,,,,,,,,,
,May/2011," 371,876.75 "," 253,277.88 "," 625,154.63 "," 803,849.53 ", -   , -   ," 803,849.53 "," 247,975.28 "," 1,100.00 "," 10,823.60 "," 33,669.09 "," 501,342.97 "," 32,700.99 "," 97,113.61 ", -   , -   , -   , -   , -   ," 76,408.92 ", -   , -   , -   ," 2,430,138.62 ",,,,,,,,,,,,,,,,,,,,,,,,,,,,,,,,,
,Jun/2011," 380,800.43 "," 290,137.49 "," 670,937.92 "," 729,676.79 ", -   , -   ," 729,676.79 "," 247,082.28 "," 1,100.00 "," 9,444.80 "," 37,037.40 "," 638,939.11 "," 24,786.05 "," 101,035.11 ", -   , -   , -   , -   , -   ," 46,048.92 ", -   , -   , -   ," 2,506,088.38 ",,,,,,,,,,,,,,,,,,,,,,,,,,,,,,,,,
,Jul/2011," 389,294.64 "," 279,283.36 "," 668,578.00 "," 718,255.06 ", -   , -   ," 718,255.06 "," 259,033.89 "," 1,295.00 "," 14,646.30 "," 44,313.17 "," 251,734.87 "," 22,142.32 "," 71,759.00 ", -   , -   , -   , -   , -   ," 44,432.82 ", -   , -   , -   ," 2,096,190.42 ",,,,,,,,,,,,,,,,,,,,,,,,,,,,,,,,,
,Aug/2011," 408,494.51 "," 256,380.27 "," 664,874.78 "," 699,736.08 ", -   , -   ," 699,736.08 "," 259,688.74 "," 1,467.00 "," 10,424.10 "," 42,315.36 "," 333,071.69 "," 17,414.86 "," 74,518.90 ", -   , -   , -   , -   , -   ," 39,157.53 ", -   , -   , -   ," 2,142,669.04 ",,,,,,,,,,,,,,,,,,,,,,,,,,,,,,,,,
,Sep/2011," 380,453.23 "," 256,728.25 "," 637,181.48 "," 660,384.93 ", -   , -   ," 660,384.93 "," 251,882.54 "," 1,100.00 "," 9,715.80 "," 36,043.04 "," 238,864.67 "," 14,666.97 "," 63,847.96 ", -   , -   , -   , -   , -   ," 39,066.80 ", -   , -   , -   ," 1,952,754.18 ",,,,,,,,,,,,,,,,,,,,,,,,,,,,,,,,,
,Oct/2011," 381,309.50 "," 242,071.01 "," 623,380.51 "," 672,214.93 ", -   , -   ," 672,214.93 "," 262,255.14 ", 745.00 ," 10,170.30 "," 37,096.07 "," 239,305.91 "," 13,711.35 "," 48,561.32 ", -   , -   , -   , -   , -   ," 39,973.11 ", -   , -   , -   ," 1,947,413.63 ",,,,,,,,,,,,,,,,,,,,,,,,,,,,,,,,,
,Nov/2011," 381,871.84 "," 231,413.83 "," 613,285.67 "," 794,507.24 ", -   , -   ," 794,507.24 "," 252,218.21 "," 1,283.00 "," 10,071.90 "," 38,064.86 "," 229,497.48 "," 31,593.72 "," 99,849.53 ", -   , -   , -   , -   , -   ," 44,374.42 ", -   , -   , -   ," 2,114,746.04 ",,,,,,,,,,,,,,,,,,,,,,,,,,,,,,,,,
,Dec/2011," 449,904.10 "," 291,678.03 "," 741,582.13 "," 862,318.80 ", -   , -   ," 862,318.80 "," 263,892.43 "," 1,295.00 "," 13,089.60 "," 41,929.61 "," 215,079.84 "," 25,774.42 "," 88,815.54 ", -   , -   , -   , -   , -   ," 57,943.79 ", -   , -   , -   ," 2,311,721.16 ",,,,,,,,,,,,,,,,,,,,,,,,,,,,,,,,,
,Jan/2012," 393,781.94 "," 261,933.68 "," 655,715.62 "," 814,956.72 ", -   , -   ," 814,956.72 "," 242,524.90 "," 1,100.00 "," 11,596.50 "," 39,631.60 "," 199,651.92 "," 28,849.11 "," 77,569.36 ", -   , -   , -   , -   , -   ," 44,982.71 ", -   , -   , -   ," 2,116,578.44 ",,,,,,,,,,,,,,,,,,,,,,,,,,,,,,,,,
,Feb/2012," 402,633.55 "," 253,733.22 "," 656,366.77 "," 848,067.25 ", -   , -   ," 848,067.25 "," 243,810.95 "," 1,295.00 "," 9,916.70 "," 34,550.67 "," 295,550.29 "," 22,730.38 "," 83,515.03 ", -   , -   , -   , -   , -   ," 49,337.47 ", -   , -   , -   ," 2,245,140.51 ",,,,,,,,,,,,,,,,,,,,,,,,,,,,,,,,,
,Mar/2012," 429,534.50 "," 290,286.65 "," 719,821.15 "," 925,065.27 ", -   , -   ," 925,065.27 "," 270,906.08 "," 1,467.00 ", 162.77 ," 49,247.79 "," 351,951.02 "," 30,672.08 "," 103,215.64 ", -   , -   , -   , -   , -   ," 44,877.18 ", -   , -   , -   ," 2,497,385.98 ",,,,,,,,,,,,,,,,,,,,,,,,,,,,,,,,,
,Apr/2012," 389,264.02 "," 262,615.28 "," 651,879.30 "," 792,201.73 ", -   , -   ," 792,201.73 "," 249,493.66 "," 1,100.00 "," 5,720.83 "," 34,435.19 "," 311,653.42 "," 27,048.12 "," 94,102.14 ", -   , -   , -   , -   , -   ," 42,650.82 ", -   , -   , -   ," 2,210,285.21 ",,,,,,,,,,,,,,,,,,,,,,,,,,,,,,,,,
,May/2012," 405,877.41 "," 235,374.04 "," 641,251.45 "," 771,542.47 ", -   , -   ," 771,542.47 "," 261,657.41 "," 1,300.00 "," 39,069.95 "," 18,507.79 "," 492,974.59 "," 22,351.30 "," 77,341.94 ", -   , -   , -   , -   , -   ," 52,170.98 ", -   , -   , -   ," 2,378,167.87 ",,,,,,,,,,,,,,,,,,,,,,,,,,,,,,,,,
,Jun/2012," 409,111.24 "," 261,012.58 "," 670,123.82 "," 712,464.94 ", -   , -   ," 712,464.94 "," 255,333.43 ", 917.00 ," 44,022.37 "," 10,812.20 "," 325,999.25 "," 15,219.56 "," 97,728.95 ", -   , -   , -   , -   , -   ," 31,694.11 ", -   , -   , -   ," 2,164,315.62 ",,,,,,,,,,,,,,,,,,,,,,,,,,,,,,,,,
,Jul/2012," 420,370.60 "," 233,061.35 "," 653,431.95 "," 699,130.04 ", -   , -   ," 699,130.04 "," 271,101.94 "," 1,307.00 "," 35,388.97 "," 24,927.20 "," 308,473.07 "," 21,946.13 "," 75,956.82 ", -   , -   , -   , -   , -   ," 51,140.36 ", -   , -   , -   ," 2,142,803.47 ",,,,,,,,,,,,,,,,,,,,,,,,,,,,,,,,,
,Aug/2012," 433,828.02 "," 259,165.94 "," 692,993.96 "," 716,720.36 ", -   , -   ," 716,720.36 "," 280,184.27 "," 1,283.00 "," 31,964.77 "," 22,370.80 "," 343,321.82 "," 22,014.81 "," 96,820.68 ", -   , -   , -   , -   , -   ," 46,292.70 ", -   , -   , -   ," 2,253,967.16 ",,,,,,,,,,,,,,,,,,,,,,,,,,,,,,,,,
,Sep/2012," 378,478.80 "," 228,205.77 "," 606,684.57 "," 632,120.37 ", -   , -   ," 632,120.37 "," 268,875.10 "," 1,124.00 "," 30,052.01 "," 17,089.80 "," 285,599.63 "," 19,861.06 "," 61,612.65 ", -   , -   , -   , -   , -   ," 40,445.17 ", -   , -   , -   ," 1,963,464.36 ",,,,,,,,,,,,,,,,,,,,,,,,,,,,,,,,,
,Oct/2012," 414,523.22 "," 261,347.22 "," 675,870.44 "," 728,414.88 ", -   , -   ," 728,414.88 "," 297,829.17 "," 1,307.00 "," 28,278.43 "," 19,378.90 "," 359,066.70 "," 15,420.12 "," 110,937.97 ", -   , -   , -   , -   , -   ," 36,948.68 ", -   , -   , -   ," 2,273,452.29 ",,,,,,,,,,,,,,,,,,,,,,,,,,,,,,,,,
,Nov/2012," 394,751.47 "," 272,657.82 "," 667,409.29 "," 812,523.44 ", -   , -   ," 812,523.44 "," 303,422.01 "," 1,100.00 "," 31,373.64 "," 18,005.60 "," 394,482.14 "," 20,434.77 "," 27,937.80 ", -   , -   , -   , -   , -   ," 40,052.76 ", -   , -   , -   ," 2,316,741.46 ",,,,,,,,,,,,,,,,,,,,,,,,,,,,,,,,,
,Dec/2012," 442,191.43 "," 310,407.04 "," 752,598.47 "," 848,262.93 ", -   , -   ," 848,262.93 "," 281,757.56 "," 1,195.20 "," 32,533.44 "," 19,827.40 "," 317,771.58 "," 20,346.53 "," 22,090.77 ", -   , -   , -   , -   , -   ," 56,283.49 ", -   , -   , -   ," 2,352,667.37 ",,,,,,,,,,,,,,,,,,,,,,,,,,,,,,,,,
,Jan/2013," 408,557.45 "," 287,985.59 "," 696,543.04 "," 863,769.41 ", -   , -   ," 863,769.41 "," 291,844.00 "," 1,489.48 "," 13,242.55 "," 38,605.36 "," 197,658.18 "," 12,205.94 "," 97,515.33 ", -   , -   , -   , -   , -   ," 39,542.92 ", -   , -   , -   ," 2,252,416.21 ",,,,,,,,,,,,,,,,,,,,,,,,,,,,,,,,,
,Feb/2013," 361,215.69 "," 259,659.66 "," 620,875.35 "," 808,853.97 ", -   , -   ," 808,853.97 "," 253,221.89 "," 1,226.62 "," 16,355.46 "," 28,448.02 "," 222,606.10 "," 14,270.12 "," 81,654.54 ", -   , -   , -   , -   , -   ," 22,225.02 ", -   , -   , -   ," 2,069,737.09 ",,,,,,,,,,,,,,,,,,,,,,,,,,,,,,,,,
,Mar/2013," 413,744.86 "," 313,075.45 "," 726,820.31 "," 898,352.20 ", -   , -   ," 898,352.20 "," 286,869.62 ", 924.00 ," 16,675.00 "," 32,505.06 "," 289,422.67 "," 23,907.33 "," 131,379.05 ", -   , -   , -   , -   , -   ," 50,215.89 ", -   , -   , -   ," 2,457,071.13 ",,,,,,,,,,,,,,,,,,,,,,,,,,,,,,,,,
,Apr/2013," 409,238.30 "," 330,070.65 "," 739,308.95 "," 966,103.92 ", -   , -   ," 966,103.92 "," 287,216.30 "," 1,100.00 "," 15,424.52 "," 32,725.43 "," 328,809.80 "," 23,075.02 "," 73,378.09 ", -   , -   , -   , -   , -   ," 41,087.97 ", -   , -   , -   ," 2,508,230.00 ",,,,,,,,,,,,,,,,,,,,,,,,,,,,,,,,,
,May/2013," 403,354.79 "," 313,131.36 "," 716,486.15 "," 827,601.25 ", -   , -   ," 827,601.25 "," 301,770.53 "," 1,173.74 "," 13,608.37 "," 32,306.94 "," 434,716.65 "," 20,716.42 "," 99,652.69 ", -   , -   , -   , -   , -   ," 34,639.10 ", -   , -   , -   ," 2,482,671.83 ",,,,,,,,,,,,,,,,,,,,,,,,,,,,,,,,,
,Jun/2013," 402,012.07 "," 287,596.64 "," 689,608.71 "," 775,187.12 ", -   , -   ," 775,187.12 "," 275,921.37 "," 1,383.35 "," 17,894.00 "," 25,064.37 "," 384,549.94 "," 19,145.31 "," 113,554.65 ", -   , -   , -   , -   , -   ," 41,706.22 ", -   , -   , -   ," 2,344,015.04 ",,,,,,,,,,,,,,,,,,,,,,,,,,,,,,,,,
,Jul/2013," 425,154.22 "," 314,185.61 "," 739,339.83 "," 732,544.52 ", -   , -   ," 732,544.52 "," 292,790.10 "," 1,001.07 "," 21,247.00 "," 35,532.69 "," 286,369.33 "," 19,516.84 "," 111,798.06 ", -   , -   , -   , -   , -   ," 40,114.18 ", -   , -   , -   ," 2,280,253.62 ",,,,,,,,,,,,,,,,,,,,,,,,,,,,,,,,,
,Aug/2013," 416,968.15 "," 288,400.67 "," 705,368.82 "," 773,147.90 ", -   , -   ," 773,147.90 "," 282,844.32 "," 1,467.00 "," 16,948.00 "," 34,875.26 "," 284,525.32 "," 16,534.02 "," 100,883.26 ", -   , -   , -   , -   , -   ," 43,009.30 ", -   , -   , -   ," 2,259,603.19 ",,,,,,,,,,,,,,,,,,,,,,,,,,,,,,,,,
,Sep/2013," 379,479.78 "," 249,357.42 "," 628,837.20 "," 672,125.16 ", -   , -   ," 672,125.16 "," 278,403.42 "," 1,283.00 "," 8,640.00 "," 33,980.81 "," 191,796.17 "," 10,189.82 "," 75,989.10 ", -   , -   , -   , -   , -   ," 38,110.23 ", -   , -   , -   ," 1,939,354.91 ",,,,,,,,,,,,,,,,,,,,,,,,,,,,,,,,,
,Oct/2013," 430,179.69 "," 314,518.72 "," 744,698.41 "," 800,049.12 ", -   , -   ," 800,049.12 "," 285,195.01 "," 1,298.98 "," 15,461.00 "," 33,725.62 "," 200,089.72 "," 10,352.81 "," 62,188.17 ", -   , -   , -   , -   , -   ," 37,081.20 ", -   , -   , -   ," 2,190,140.04 ",,,,,,,,,,,,,,,,,,,,,,,,,,,,,,,,,
,Nov/2013," 404,692.46 "," 306,638.45 "," 711,330.91 "," 821,457.45 ", -   , -   ," 821,457.45 "," 253,022.23 ", 587.21 ," 16,521.00 "," 37,678.38 "," 182,327.92 "," 10,990.54 "," 96,463.73 ", -   , -   , -   , -   , -   ," 37,046.10 ", -   , -   , -   ," 2,167,425.47 ",,,,,,,,,,,,,,,,,,,,,,,,,,,,,,,,,
,Dec/2013," 448,135.35 "," 339,969.85 "," 788,105.20 "," 860,351.90 ", -   , -   ," 860,351.90 "," 282,335.47 "," 1,284.00 "," 20,137.00 "," 31,020.65 "," 137,481.49 "," 14,139.03 "," 82,518.65 ", -   , -   , -   , -   , -   ," 48,041.71 ", -   , -   , -   ," 2,265,415.09 ",,,,,,,,,,,,,,,,,,,,,,,,,,,,,,,,,
,Jan/2014," 412,617.93 "," 312,139.77 "," 724,757.70 "," 917,251.54 ", -   , -   ," 917,251.54 "," 288,260.80 "," 1,504.00 "," 16,452.26 "," 35,071.79 "," 150,401.55 "," 47,657.13 "," 110,646.31 ", -   , -   , -   , -   , -   ," 37,212.01 ", -   , -   , -   ," 2,329,215.09 ",,,,,,,,,,,,,,,,,,,,,,,,,,,,,,,,,
,Feb/2014," 385,430.58 "," 312,142.65 "," 697,573.23 "," 890,362.31 ", -   , -   ," 890,362.31 "," 304,312.13 "," 1,283.00 "," 14,441.12 "," 23,696.10 "," 191,584.66 "," 22,039.43 "," 105,986.10 ", -   , -   , -   , -   , -   ," 46,110.11 ", -   , -   , -   ," 2,297,388.19 ",,,,,,,,,,,,,,,,,,,,,,,,,,,,,,,,,
,Mar/2014," 434,863.96 "," 335,869.63 "," 770,733.59 "," 1,004,937.39 ", -   , -   ," 1,004,937.39 "," 284,201.43 "," 1,132.40 "," 16,527.30 "," 39,327.74 "," 254,936.96 "," 12,159.87 "," 107,499.65 ", -   , -   , -   , -   , -   ," 36,453.76 ", -   , -   , -   ," 2,527,910.09 ",,,,,,,,,,,,,,,,,,,,,,,,,,,,,,,,,
,Apr/2014," 437,470.07 "," 349,155.30 "," 786,625.37 "," 972,039.42 ", -   , -   ," 972,039.42 "," 250,902.83 ", 329.00 ," 15,600.00 "," 38,975.79 "," 293,648.05 "," 22,675.60 "," 94,527.24 ", -   , -   , -   , -   , -   ," 41,751.04 ", -   , -   , -   ," 2,517,074.34 ",,,,,,,,,,,,,,,,,,,,,,,,,,,,,,,,,
,May/2014," 427,487.20 "," 332,737.37 "," 760,224.57 "," 877,263.31 ", -   , -   ," 877,263.31 "," 305,911.84 "," 1,162.98 "," 18,620.10 "," 29,820.27 "," 295,075.17 "," 22,036.88 "," 105,266.21 ", -   , -   , -   , -   , -   ," 43,299.80 ", -   , -   , -   ," 2,458,681.13 ",,,,,,,,,,,,,,,,,,,,,,,,,,,,,,,,,
,Jun/2014," 387,299.10 "," 303,016.82 "," 690,315.92 "," 733,508.70 ", -   , -   ," 733,508.70 "," 285,640.44 ", 733.00 ," 21,987.50 "," 36,833.13 "," 211,036.28 "," 20,863.92 "," 109,708.83 ", -   , -   , -   , -   , -   ," 41,730.57 ", -   , -   , -   ," 2,152,358.29 ",,,,,,,,,,,,,,,,,,,,,,,,,,,,,,,,,
,Jul/2014," 439,137.13 "," 344,659.64 "," 783,796.77 "," 826,918.81 ", -   , -   ," 826,918.81 "," 289,827.60 "," 1,502.40 "," 22,146.22 "," 41,291.71 "," 312,203.06 "," 20,046.62 "," 101,908.84 ", -   , -   , -   , -   , -   ," 46,099.12 ", -   , -   , -   ," 2,445,741.15 ",,,,,,,,,,,,,,,,,,,,,,,,,,,,,,,,,
,Aug/2014," 442,953.10 "," 326,356.06 "," 769,309.16 "," 793,694.01 ", -   , -   ," 793,694.01 "," 272,617.60 "," 1,466.70 "," 43,792.26 "," 10,476.40 "," 406,297.45 "," 24,450.24 "," 101,477.53 ", -   , -   , -   , -   , -   ," 53,158.86 ", -   , -   , -   ," 2,476,740.21 ",,,,,,,,,,,,,,,,,,,,,,,,,,,,,,,,,
,Sep/2014," 411,466.28 "," 371,327.13 "," 782,793.41 "," 728,498.84 ", -   , -   ," 728,498.84 "," 271,079.59 ", 550.00 ," 37,824.53 "," 8,012.40 "," 229,889.08 "," 16,173.57 "," 81,213.02 ", -   , -   , -   , -   , -   ," 36,119.87 ", -   , -   , -   ," 2,192,154.31 ",,,,,,,,,,,,,,,,,,,,,,,,,,,,,,,,,
,Oct/2014," 459,922.48 "," 343,812.67 "," 803,735.15 "," 836,278.12 ", -   , -   ," 836,278.12 "," 337,006.14 ", 183.30 ," 44,198.40 "," 9,170.90 "," 291,536.98 "," 10,066.11 "," 101,071.19 ", -   , -   , -   , -   , -   ," 53,692.16 ", -   , -   , -   ," 2,486,938.45 ",,,,,,,,,,,,,,,,,,,,,,,,,,,,,,,,,
,Nov/2014," 436,467.90 "," 343,918.56 "," 780,386.46 "," 885,713.74 ", -   , -   ," 885,713.74 "," 303,666.70 ", 190.50 ," 42,604.50 "," 7,357.70 "," 190,635.70 "," 17,687.89 "," 116,686.02 ", -   , -   , -   , -   , -   ," 49,256.09 ", -   , -   , -   ," 2,394,185.30 ",,,,,,,,,,,,,,,,,,,,,,,,,,,,,,,,,
,Dec/2014," 538,899.26 "," 464,223.15 "," 1,003,122.41 "," 1,021,378.09 ", -   , -   ," 1,021,378.09 "," 311,419.96 "," 1,142.90 "," 19,815.75 "," 39,959.47 "," 211,555.82 "," 16,337.76 "," 119,369.80 ", -   , -   , -   , -   , -   ," 60,321.90 ", -   , -   , -   ," 2,804,423.86 ",,,,,,,,,,,,,,,,,,,,,,,,,,,,,,,,,
,Jan/2015," 503,135.70 "," 419,102.72 "," 922,238.42 "," 1,014,706.21 ", -   , -   ," 1,014,706.21 "," 317,220.91 "," 1,353.80 "," 12,126.41 "," 41,308.34 "," 243,511.92 "," 14,013.06 "," 76,805.25 ", -   , -   , -   , -   , -   ," 40,255.58 ", -   , -   , -   ," 2,683,539.90 ",,,,,,,,,,,,,,,,,,,,,,,,,,,,,,,,,
,Feb/2015," 454,190.88 "," 398,167.69 "," 852,358.57 "," 980,149.84 ", -   , -   ," 980,149.84 "," 315,364.36 ", 958.40 ," 28,906.68 "," 32,165.25 "," 189,006.84 "," 10,763.45 "," 88,685.69 ", -   , -   , -   , -   , -   ," 41,687.16 ", -   , -   , -   ," 2,540,046.24 ",,,,,,,,,,,,,,,,,,,,,,,,,,,,,,,,,
,Mar/2015," 521,879.26 "," 457,246.14 "," 979,125.40 "," 1,142,551.06 ", -   , -   ," 1,142,551.06 "," 338,142.32 "," 1,478.49 "," 16,930.56 "," 38,204.73 "," 253,562.02 "," 26,761.09 "," 107,757.21 ", -   , -   , -   , -   , -   ," 54,482.32 ", -   , -   , -   ," 2,958,995.20 ",,,,,,,,,,,,,,,,,,,,,,,,,,,,,,,,,
,Apr/2015," 486,779.41 "," 413,451.11 "," 900,230.52 "," 1,011,167.74 ", -   , -   ," 1,011,167.74 "," 320,920.88 "," 1,119.05 "," 9,165.79 "," 39,177.71 "," 318,449.80 "," 17,237.77 "," 112,963.40 ", -   , -   , -   , -   , -   ," 34,156.09 ", -   , -   , -   ," 2,764,588.75 ",,,,,,,,,,,,,,,,,,,,,,,,,,,,,,,,,
,May/2015," 483,594.83 "," 415,570.95 "," 899,165.78 "," 944,316.66 ", -   , -   ," 944,316.66 "," 328,177.80 ", 952.43 ," 19,259.07 "," 34,301.53 "," 367,017.51 "," 14,038.74 "," 92,041.35 ", -   , -   , -   , -   , -   ," 40,588.91 ", -   , -   , -   ," 2,739,859.78 ",,,,,,,,,,,,,,,,,,,,,,,,,,,,,,,,,
,Jun/2015," 480,892.11 "," 414,466.18 "," 895,358.29 "," 880,016.47 ", -   , -   ," 880,016.47 "," 331,140.05 ", 772.03 ," 16,406.36 "," 39,977.57 "," 315,322.36 "," 13,095.63 "," 112,288.55 ", -   , -   , -   , -   , -   ," 35,207.32 ", -   , -   , -   ," 2,639,584.63 ",,,,,,,,,,,,,,,,,,,,,,,,,,,,,,,,,
,Jul/2015," 515,322.66 "," 440,729.53 "," 956,052.19 "," 902,586.36 ", -   , -   ," 902,586.36 "," 363,251.96 "," 1,658.20 "," 19,274.98 "," 42,322.79 "," 350,976.98 "," 16,218.35 "," 106,971.26 ", -   , -   , -   , -   , -   ," 31,447.00 ", -   , -   , -   ," 2,790,760.07 ",,,,,,,,,,,,,,,,,,,,,,,,,,,,,,,,,
,Aug/2015," 513,413.00 "," 439,588.90 "," 953,001.90 "," 887,796.85 ", -   , -   ," 887,796.85 "," 333,215.61 "," 1,121.88 "," 14,996.02 "," 40,414.69 "," 519,237.36 "," 14,732.03 "," 108,392.46 ", -   , -   , -   , -   , -   ," 43,883.15 ", -   , -   , -   ," 2,916,791.95 ",,,,,,,,,,,,,,,,,,,,,,,,,,,,,,,,,
,Sep/2015," 501,658.04 "," 422,826.59 "," 924,484.63 "," 734,654.22 ", -   , -   ," 734,654.22 "," 364,351.76 "," 1,122.19 "," 14,495.48 "," 32,730.80 "," 342,909.33 "," 9,560.41 "," 96,179.22 ", -   , -   , -   , -   , -   ," 34,526.10 ", -   , -   , -   ," 2,555,014.13 ",,,,,,,,,,,,,,,,,,,,,,,,,,,,,,,,,
,Oct/2015," 532,741.14 "," 448,971.88 "," 981,713.02 "," 834,285.95 ", -   , -   ," 834,285.95 "," 364,469.55 ", 928.57 ," 16,644.12 "," 37,102.30 "," 304,037.55 "," 7,632.56 "," 79,944.15 ", -   , -   , -   , -   , -   ," 38,501.06 ", -   , -   , -   ," 2,665,258.82 ",,,,,,,,,,,,,,,,,,,,,,,,,,,,,,,,,
,Nov/2015," 516,486.95 "," 423,841.82 "," 940,328.77 "," 925,431.00 ", -   , -   ," 925,431.00 "," 353,643.08 ", 952.40 ," 15,712.24 "," 41,450.50 "," 209,107.14 "," 10,137.17 "," 77,375.21 ", -   , -   , -   , -   , -   ," 32,446.10 ", -   , -   , -   ," 2,606,583.61 ",,,,,,,,,,,,,,,,,,,,,,,,,,,,,,,,,
,Dec/2015," 600,161.72 "," 499,839.17 "," 1,100,000.89 "," 1,047,478.84 ", -   , -   ," 1,047,478.84 "," 355,233.65 "," 1,113.18 "," 18,892.21 "," 43,851.69 "," 184,791.46 "," 9,475.85 "," 91,440.75 ", -   , -   , -   , -   , -   ," 36,934.50 ", -   , -   , -   ," 2,889,213.01 ",,,,,,,,,,,,,,,,,,,,,,,,,,,,,,,,,
,Jan/2016," 545,737.53 "," 433,180.34 "," 978,917.87 "," 1,084,043.63 ", -   , -   ," 1,084,043.63 "," 346,512.22 ", 952.98 ," 16,499.03 "," 38,680.60 "," 262,150.77 "," 5,542.28 "," 100,703.08 ", -   , -   , -   , -   , -   ," 33,641.00 ", -   , -   , -   ," 2,867,643.45 ",,,,,,,,,,,,,,,,,,,,,,,,,,,,,,,,,
,Feb/2016," 540,459.19 "," 450,916.35 "," 991,375.54 "," 1,055,672.64 ", -   , -   ," 1,055,672.64 "," 368,867.55 "," 1,143.69 "," 13,267.85 "," 40,215.13 "," 242,970.07 "," 5,939.92 "," 88,817.52 ", -   , -   , -   , -   , -   ," 28,012.30 ", -   , -   , -   ," 2,836,282.21 ",,,,,,,,,,,,,,,,,,,,,,,,,,,,,,,,,
,Mar/2016," 575,720.92 "," 486,255.94 "," 1,061,976.86 "," 1,107,296.65 ", -   , -   ," 1,107,296.65 "," 372,223.42 "," 1,181.46 "," 19,388.31 "," 43,123.03 "," 312,624.84 "," 5,301.47 "," 69,957.47 ", -   , -   , -   , -   , -   ," 31,366.00 ", -   , -   , -   ," 3,024,439.51 ",,,,,,,,,,,,,,,,,,,,,,,,,,,,,,,,,
,Apr/2016," 545,605.47 "," 467,472.20 "," 1,013,077.67 "," 1,149,175.19 ", -   , -   ," 1,149,175.19 "," 357,084.22 ", 954.36 ," 16,511.55 "," 37,842.69 "," 305,191.05 "," 13,098.88 "," 80,123.73 ", -   , -   , -   , -   , -   ," 13,357.00 ", -   , -   , -   ," 2,986,416.34 ",,,,,,,,,,,,,,,,,,,,,,,,,,,,,,,,,
,May/2016," 551,000.79 "," 468,710.38 "," 1,019,711.17 "," 1,019,984.40 ", -   , -   ," 1,019,984.40 "," 377,629.02 "," 1,142.90 "," 19,928.34 "," 37,138.19 "," 415,456.18 "," 8,723.98 "," 87,793.20 ", -   , -   , -   , -   , -   ," 40,423.00 ", -   , -   , -   ," 3,027,930.37 ",,,,,,,,,,,,,,,,,,,,,,,,,,,,,,,,,
,Jun/2016," 537,583.25 "," 450,758.18 "," 988,341.43 "," 888,538.10 ", -   , -   ," 888,538.10 "," 355,848.99 ", 952.40 ," 19,761.88 "," 39,135.65 "," 292,566.83 "," 3,707.28 "," 74,829.65 ", -   , -   , -   , -   , -   ," 28,875.00 ", -   , -   , -   ," 2,692,557.21 ",,,,,,,,,,,,,,,,,,,,,,,,,,,,,,,,,
,Jul/2016," 562,778.84 "," 465,270.48 "," 1,028,049.32 "," 883,716.04 ", -   , -   ," 883,716.04 "," 350,429.77 ", 948.56 ," 18,463.79 "," 42,271.27 "," 213,537.63 "," 2,287.93 "," 104,878.35 ", -   , -   , -   , -   , -   ," 30,961.50 ", -   , -   , -   ," 2,675,544.15 ",,,,,,,,,,,,,,,,,,,,,,,,,,,,,,,,,
,Aug/2016," 585,748.50 "," 485,995.83 "," 1,071,744.33 "," 866,270.02 ", -   , -   ," 866,270.02 "," 363,859.51 "," 1,344.69 "," 19,426.80 "," 44,360.08 "," 126,708.78 "," 5,385.99 "," 105,941.22 ", -   , -   , -   , -   , -   ," 35,543.60 ", -   , -   , -   ," 2,640,585.02 ",,,,,,,,,,,,,,,,,,,,,,,,,,,,,,,,,
,Sep/2016," 548,491.65 "," 456,946.75 "," 1,005,438.40 "," 877,800.56 ", -   , -   ," 877,800.56 "," 356,426.23 ", 947.60 ," 18,463.50 "," 33,788.70 "," 156,889.89 "," 7,526.62 "," 90,718.05 ", -   , -   , -   , -   , -   ," 37,205.15 ", -   , -   , -   ," 2,585,204.70 ",,,,,,,,,,,,,,,,,,,,,,,,,,,,,,,,,
,Oct/2016," 573,754.73 "," 476,277.64 "," 1,050,032.37 "," 916,410.70 ", -   , -   ," 916,410.70 "," 373,503.78 "," 1,358.21 "," 18,939.67 "," 37,341.63 "," 208,164.88 "," 9,087.66 "," 68,187.30 ", -   , -   , -   , -   , -   ," 48,088.25 ", -   , -   , -   ," 2,731,114.44 ",,,,,,,,,,,,,,,,,,,,,,,,,,,,,,,,,
,Nov/2016," 547,323.53 "," 463,726.21 "," 1,011,049.74 "," 1,019,671.97 ", -   , -   ," 1,019,671.97 "," 372,904.63 ", 750.90 ," 18,143.40 "," 38,112.71 "," 224,643.28 "," 9,638.42 "," 76,857.99 ", -   , -   , -   , -   , -   ," 37,957.00 ", -   , -   , -   ," 2,809,730.04 ",,,,,,,,,,,,,,,,,,,,,,,,,,,,,,,,,
,Dec/2016," 615,251.51 "," 524,242.31 "," 1,139,493.82 "," 1,113,827.10 ", -   , -   ," 1,113,827.10 "," 372,690.46 ", 974.30 ," 23,909.55 "," 45,344.23 "," 227,241.47 "," 10,826.71 "," 188,037.45 ", -   , -   , -   , -   , -   ," 45,686.00 ", -   , -   , -   ," 3,168,031.09 ",,,,,,,,,,,,,,,,,,,,,,,,,,,,,,,,,
,Jan/2017," 546,212.16 "," 477,291.93 "," 1,023,504.09 "," 1,079,339.30 ", -   , -   ," 1,079,339.30 "," 358,706.82 "," 1,188.53 "," 4,453.57 "," 57,975.62 "," 268,741.13 "," 5,564.60 "," 118,557.34 ", -   , -   , -   , -   , -   ," 27,089.00 ", 51.93 , -   , -   ," 2,945,171.93 ",,,,,,,,,,,,,,,,,,,,,,,,,,,,,,,,,
,Feb/2017," 526,888.94 "," 453,665.32 "," 980,554.26 "," 1,052,536.01 ", -   , -   ," 1,052,536.01 "," 357,497.97 ", 964.14 , 248.63 ," 57,092.07 "," 200,718.22 "," 3,689.22 "," 70,714.66 ", -   , -   , -   , -   , -   ," 33,909.00 ", 49.11 , -   , -   ," 2,757,973.29 ",,,,,,,,,,,,,,,,,,,,,,,,,,,,,,,,,
,Mar/2017," 592,249.34 "," 523,943.60 "," 1,116,192.94 "," 1,216,423.42 ", -   , -   ," 1,216,423.42 "," 351,791.93 "," 1,199.40 ", 214.24 ," 59,574.15 "," 146,747.21 "," 8,912.83 "," 102,621.01 ", -   , -   , -   , -   , -   ," 52,165.00 ", 88.86 , -   , -   ," 3,055,930.99 ",,,,,,,,,,,,,,,,,,,,,,,,,,,,,,,,,
,Apr/2017," 530,345.96 "," 500,063.03 "," 1,030,408.99 "," 1,032,813.29 ", -   , -   ," 1,032,813.29 "," 360,957.70 "," 1,023.25 ", 129.95 ," 64,589.03 "," 173,685.84 "," 6,841.66 "," 198,383.91 ", -   , -   , -   , -   , -   ," 43,273.00 ", 36.80 , -   , -   ," 2,912,143.42 ",,,,,,,,,,,,,,,,,,,,,,,,,,,,,,,,,
,May/2017," 588,861.62 "," 516,884.37 "," 1,105,745.99 "," 1,034,806.24 ", -   , -   ," 1,034,806.24 "," 377,492.16 ", 976.19 , 259.57 ," 59,893.27 "," 154,619.14 "," 8,988.46 "," 212,011.70 ", -   , -   , -   , -   , -   ," 45,402.00 ", 50.28 , -   , -   ," 3,000,245.00 ",,,,,,,,,,,,,,,,,,,,,,,,,,,,,,,,,
,Jun/2017," 549,378.05 "," 478,491.95 "," 1,027,870.00 "," 897,511.89 ", -   , -   ," 897,511.89 "," 378,328.46 ", 952.38 , 116.01 ," 65,459.68 "," 140,581.12 "," 12,939.27 "," 184,171.01 ", -   , -   , -   , -   , -   ," 41,171.92 ", 61.51 , -   , -   ," 2,749,163.25 ",,,,,,,,,,,,,,,,,,,,,,,,,,,,,,,,,
,Jul/2017," 607,702.70 "," 521,730.41 "," 1,129,433.11 "," 938,887.64 ", -   , -   ," 938,887.64 "," 369,948.64 ", -   , 423.28 ," 71,848.17 "," 119,185.53 "," 12,151.22 "," 242,807.96 ", -   , -   , -   , -   , -   ," 45,818.75 ", 47.60 , -   , -   ," 2,930,551.90 ",,,,,,,,,,,,,,,,,,,,,,,,,,,,,,,,,
,Aug/2017," 604,650.34 "," 514,086.57 "," 1,118,736.91 "," 950,188.14 ", -   , -   ," 950,188.14 "," 385,834.28 "," 1,142.85 ", 277.29 ," 71,939.54 "," 147,847.74 "," 18,295.85 "," 247,198.62 ", -   , -   , -   , -   , -   ," 62,667.50 ", 50.77 , -   , -   ," 3,004,179.49 ",,,,,,,,,,,,,,,,,,,,,,,,,,,,,,,,,
,Sep/2017," 560,892.67 "," 492,618.55 "," 1,053,511.22 "," 894,363.58 ", -   , -   ," 894,363.58 "," 447,373.59 ", 964.29 , 332.46 ," 50,257.31 "," 146,741.02 "," 20,824.19 "," 184,904.64 ", -   , -   , -   , -   , -   ," 60,278.50 ", 47.21 , -   , -   ," 2,859,598.01 ",,,,,,,,,,,,,,,,,,,,,,,,,,,,,,,,,
,Oct/2017," 583,658.83 "," 512,762.32 "," 1,096,421.15 "," 935,986.17 ", -   , -   ," 935,986.17 "," 393,901.92 ", 952.38 , 211.74 ," 61,015.54 "," 135,560.60 "," 25,225.22 "," 113,926.54 ", -   , -   , -   , -   , -   ," 89,116.09 ", -   , -   , -   ," 2,852,317.35 ",,,,,,,,,,,,,,,,,,,,,,,,,,,,,,,,,
,Nov/2017," 563,345.61 "," 510,631.29 "," 1,073,976.90 "," 1,038,598.26 ", -   , -   ," 1,038,598.26 "," 409,332.86 "," 1,340.26 ", 204.43 ," 61,290.82 "," 115,709.19 "," 38,383.06 "," 146,069.01 ", -   , -   , -   , -   , -   ," 41,866.50 ", 73.33 , -   , -   ," 2,926,844.62 ",,,,,,,,,,,,,,,,,,,,,,,,,,,,,,,,,
,Dec/2017," 635,423.76 "," 574,097.70 "," 1,209,521.46 "," 1,117,711.45 ", -   , -   ," 1,117,711.45 "," 404,574.36 "," 1,126.19 ", 108.69 ," 68,044.92 "," 129,000.72 "," 31,978.30 "," 177,572.34 ", -   , -   , -   , -   , -   ," 89,124.29 ", 28.88 , -   , -   ," 3,228,791.60 ",,,,,,,,,,,,,,,,,,,,,,,,,,,,,,,,,
,Jan/2018," 581,802.98 "," 528,763.30 "," 1,110,566.28 ", -   ," 1,105,628.89 "," 15,763.64 "," 1,121,392.53 "," 421,848.92 "," 1,142.24 ", 770.40 ," 68,372.98 "," 122,349.08 "," 24,744.76 "," 173,232.25 ", -   , -   , -   , -   , -   ," 79,652.00 ", 57.20 , -   , -   ," 3,124,128.64 ",,,,,,,,,,,,,,,,,,,,,,,,,,,,,,,,,
,Feb/2018," 545,210.00 "," 502,041.67 "," 1,047,251.67 ", -   ," 1,072,071.67 "," 14,687.22 "," 1,086,758.89 "," 379,239.07 ", 951.60 , 404.74 ," 54,920.54 "," 78,815.78 "," 21,717.40 "," 109,496.87 ", -   , -   , -   , -   , -   ," 73,770.00 ", 87.73 , -   , -   ," 2,853,414.29 ",,,,,,,,,,,,,,,,,,,,,,,,,,,,,,,,,
,Mar/2018," 618,402.18 "," 571,052.13 "," 1,189,454.31 ", -   ," 1,194,136.18 "," 15,893.32 "," 1,210,029.50 "," 415,125.90 "," 1,007.52 ", 204.26 ," 67,891.40 "," 158,722.77 "," 22,287.44 "," 274,273.30 ", -   , -   , -   , -   , -   ," 49,749.00 ", 67.08 , -   , -   ," 3,388,812.48 ",,,,,,,,,,,,,,,,,,,,,,,,,,,,,,,,,
,Apr/2018," 565,665.72 "," 526,979.67 "," 1,092,645.39 ", -   ," 1,108,452.97 "," 14,929.78 "," 1,123,382.75 "," 370,434.61 "," 1,404.69 ", 422.67 ," 65,835.66 "," 149,741.63 "," 24,880.30 "," 273,396.67 ", -   , -   , -   , -   , -   ," 88,761.00 ", 43.27 , -   , -   ," 3,190,948.64 ",,,,,,,,,,,,,,,,,,,,,,,,,,,,,,,,,
,May/2018," 570,129.66 "," 544,395.17 "," 1,114,524.83 ", -   ," 1,009,750.15 "," 7,736.86 "," 1,017,487.01 "," 403,094.74 ", 723.79 , 671.90 ," 61,285.50 "," 188,452.23 "," 34,587.38 "," 175,846.10 ", -   , -   , -   , -   , -   ," 77,485.00 ", 36.49 , -   , -   ," 3,074,194.97 ",,,,,,,,,,,,,,,,,,,,,,,,,,,,,,,,,
,Jun/2018," 554,431.50 "," 518,911.44 "," 1,073,342.94 ", -   ," 930,065.00 "," 7,816.91 "," 937,881.91 "," 390,070.17 ", 561.38 , 383.47 ," 67,706.76 "," 182,142.23 "," 40,679.67 "," 159,409.05 ", -   , -   , -   , -   , -   ," 76,489.00 ", 88.11 , -   , -   ," 2,928,754.69 ",,,,,,,,,,,,,,,,,,,,,,,,,,,,,,,,,
,Jul/2018," 589,775.97 "," 541,811.12 "," 1,131,587.09 ", -   ," 950,343.54 "," 8,053.83 "," 958,397.37 "," 381,128.08 ", 380.95 , 366.65 ," 67,215.08 "," 156,567.44 "," 54,625.85 "," 102,500.59 ", -   , -   , -   , -   , -   ," 102,153.50 ", 52.01 , -   , -   ," 2,954,974.60 ",,,,,,,,,,,,,,,,,,,,,,,,,,,,,,,,,
,Aug/2018," 593,659.63 "," 570,224.11 "," 1,163,883.74 ", -   ," 991,818.15 "," 8,812.43 "," 1,000,630.58 "," 407,124.75 "," 1,000.00 ", 427.19 ," 72,586.20 "," 184,168.24 "," 50,840.69 "," 204,237.65 ", -   , -   , -   , -   , -   ," 83,143.62 ", 59.71 , -   , -   ," 3,168,102.35 ",,,,,,,,,,,,,,,,,,,,,,,,,,,,,,,,,
,Sep/2018," 551,547.83 "," 531,285.29 "," 1,082,833.12 ", -   ," 882,303.53 "," 7,081.41 "," 889,384.94 "," 385,717.79 "," 1,000.00 ", 96.65 ," 59,624.17 "," 124,107.40 "," 45,219.25 "," 261,284.38 ", -   , -   , -   , -   , -   ," 93,004.00 ", 48.54 , -   , -   ," 2,942,320.24 ",,,,,,,,,,,,,,,,,,,,,,,,,,,,,,,,,
,Oct/2018," 579,474.43 "," 573,751.47 "," 1,153,225.90 ", -   ," 969,095.04 "," 8,587.08 "," 977,682.12 "," 408,674.34 ", 952.38 , 187.64 ," 66,392.11 "," 120,634.52 "," 47,762.30 "," 307,141.02 ", -   , -   , -   , -   , -   ," 70,523.00 ", 59.76 , -   , -   ," 3,153,235.09 ",,,,,,,,,,,,,,,,,,,,,,,,,,,,,,,,,
,Nov/2018," 573,687.35 "," 563,417.57 "," 1,137,104.92 ", -   ," 1,061,941.91 "," 7,844.21 "," 1,069,786.12 "," 408,049.58 "," 1,142.86 ", 271.84 ," 73,529.19 "," 100,763.50 "," 47,250.31 "," 286,935.32 ", -   , -   , -   , -   , -   ," 81,713.00 ", 68.01 , -   , -   ," 3,206,614.65 ",,,,,,,,,,,,,,,,,,,,,,,,,,,,,,,,,
,Dec/2018," 654,281.25 "," 632,670.17 "," 1,286,951.42 ", -   ," 1,106,130.25 "," 8,369.53 "," 1,114,499.78 "," 421,872.09 ", 952.38 , 272.91 ," 79,674.76 "," 109,649.86 "," 31,557.54 "," 311,858.76 ", -   , -   , -   , -   , -   ," 94,593.00 ", 57.80 , -   , -   ," 3,451,940.29 ",,,,,,,,,,,,,,,,,,,,,,,,,,,,,,,,,
,Jan/2019," 601,714.90 "," 596,682.75 "," 1,198,397.65 ", -   ," 1,152,949.52 "," 8,625.62 "," 1,161,575.14 "," 421,555.41 "," 1,000.50 ", 259.20 ," 75,489.04 "," 125,570.40 "," 29,531.29 "," 165,807.89 "," 21,985.77 ", 595.40 ," 7,412.33 ", 286.57 , 26.66 ," 82,300.00 ", 68.31 , -   , 475.49 ," 3,292,337.05 ",,,,,,,,,,,,,,,,,,,,,,,,,,,,,,,,,
,Feb/2019," 565,425.02 "," 559,109.22 "," 1,124,534.24 ", -   ," 1,103,358.49 "," 7,269.33 "," 1,110,627.82 "," 402,371.33 ", 976.19 , (35.69)," 63,990.69 "," 133,930.96 "," 44,387.57 "," 152,000.02 "," 18,854.82 ", 631.57 ," 7,078.95 ", 120.08 , 25.75 ," 98,063.00 ", 89.72 , -   ," 1,911.93 "," 3,159,558.95 ",,,,,,,,,,,,,,,,,,,,,,,,,,,,,,,,,
,Mar/2019," 610,720.58 "," 645,266.77 "," 1,255,987.35 ", -   ," 1,228,025.34 "," 8,943.32 "," 1,236,968.66 "," 428,149.45 "," 1,053.27 ", 104.14 ," 70,377.90 "," 164,290.04 "," 63,919.13 "," 342,482.20 "," 19,205.26 ", 347.80 ," 7,840.52 ", 251.71 , -   ," 127,462.00 ", 64.64 , -   ," 2,170.21 "," 3,720,674.28 ",,,,,,,,,,,,,,,,,,,,,,,,,,,,,,,,,
,Apr/2019," 598,956.30 "," 657,570.18 "," 1,256,526.48 ", -   ," 1,160,125.11 "," 7,643.39 "," 1,167,768.50 "," 414,018.68 ", 0.01 , (48.13)," 70,541.87 "," 156,945.14 "," 43,899.02 "," 343,735.26 "," 18,390.76 ", 552.97 ," 6,143.69 ", 15.13 , 873.32 ," 108,573.00 ", 59.88 , -   ," 1,944.32 "," 3,589,939.90 ",,,,,,,,,,,,,,,,,,,,,,,,,,,,,,,,,
,May/2019," 611,592.32 "," 666,748.63 "," 1,278,340.95 ", -   ," 1,134,666.18 "," 9,781.63 "," 1,144,447.81 "," 426,587.33 "," 1,074.42 ", (73.50)," 67,768.53 "," 223,361.05 "," 66,588.87 "," 351,666.55 "," 22,640.10 ", 322.89 ," 8,595.00 ", 61.08 , 745.79 ," 121,253.00 ", 63.44 , -   ," 2,658.48 "," 3,716,101.79 ",,,,,,,,,,,,,,,,,,,,,,,,,,,,,,,,,
,Jun/2019," 595,744.38 "," 641,136.56 "," 1,236,880.94 ", -   ," 1,012,030.47 "," 8,360.35 "," 1,020,390.82 "," 399,031.61 "," 1,003.81 ", 86.01 ," 67,452.06 "," 125,307.02 "," 49,691.28 "," 319,891.51 "," 20,117.45 ", 296.94 ," 7,438.84 ", 4.12 , 919.24 ," 112,667.00 ", 57.93 , -   , -   ," 3,361,236.58 ",,,,,,,,,,,,,,,,,,,,,,,,,,,,,,,,,
,Jul/2019," 615,559.33 "," 650,150.78 "," 1,265,710.11 ", -   ," 1,030,649.68 "," 8,936.20 "," 1,039,585.88 "," 419,958.02 "," 1,099.07 ", 10.89 ," 76,715.52 "," 159,021.42 "," 74,347.22 "," 198,491.88 "," 20,426.91 ", 366.54 ," 8,447.45 ", (22.46), 35.42 ," 135,670.00 ", 65.75 , -   ," 3,134.83 "," 3,403,064.45 ",,,,,,,,,,,,,,,,,,,,,,,,,,,,,,,,,
,Aug/2019," 632,415.70 "," 668,783.39 "," 1,301,199.09 ", -   ," 1,070,198.10 "," 9,041.15 "," 1,079,239.25 "," 419,493.82 "," 1,122.94 ", 73.61 ," 66,531.06 "," 148,998.84 "," 77,017.06 "," 170,236.68 "," 22,578.56 ", 394.36 ," 8,685.14 ", 7.26 , -   ," 129,913.00 ", 66.12 , -   , 952.38 ," 3,426,509.17 ",,,,,,,,,,,,,,,,,,,,,,,,,,,,,,,,,
,Sep/2019," 587,861.84 "," 616,079.30 "," 1,203,941.14 ", -   ," 973,358.44 "," 8,446.19 "," 981,804.63 "," 396,860.64 ", 935.26 , 80.43 ," 56,736.35 "," 109,518.54 "," 62,918.62 "," 142,986.06 "," 18,104.32 ", 306.28 ," 8,413.38 ", 13.98 , -   ," 130,578.00 ", 55.40 , -   ," 2,215.06 "," 3,115,468.09 ",,,,,,,,,,,,,,,,,,,,,,,,,,,,,,,,,
,Oct/2019," 643,044.33 "," 669,008.77 "," 1,312,053.10 ", -   ," 1,043,629.53 "," 9,433.36 "," 1,053,062.89 "," 433,917.15 "," 1,193.10 ", 193.58 ," 61,731.51 "," 33,606.20 "," 69,868.80 "," 225,348.50 "," 21,550.86 ", 391.11 ," 9,481.17 ", 21.74 , -   ," 132,696.00 ", 56.76 , -   ," 2,499.43 "," 3,357,671.90 ",,,,,,,,,,,,,,,,,,,,,,,,,,,,,,,,,
,Nov/2019," 620,572.21 "," 643,070.35 "," 1,263,642.56 ", -   ," 1,122,734.55 "," 8,998.01 "," 1,131,732.56 "," 430,725.89 "," 1,125.97 "," (1,893.08)"," 63,858.30 "," 126,737.63 "," 57,250.41 "," 290,391.95 "," 18,951.08 ", 397.00 ," 13,815.26 ", 30.35 , -   ," 107,489.00 ", 77.26 , -   ," 2,479.15 "," 3,506,811.29 ",,,,,,,,,,,,,,,,,,,,,,,,,,,,,,,,,
,Dec/2019," 682,468.14 "," 706,020.77 "," 1,388,488.91 ", -   ," 1,175,724.83 "," 9,456.65 "," 1,185,181.48 "," 428,697.64 "," 1,043.74 "," 35,074.25 "," 39,030.48 "," 115,170.39 "," 22,845.74 "," 294,706.32 "," 19,079.56 ", 304.36 ," 8,004.56 ", 55.04 , -   ," 83,915.00 ", 59.41 , -   ," 2,899.75 "," 3,624,556.63 ",,,,,,,,,,,,,,,,,,,,,,,,,,,,,,,,,
,Jan/2020," 622,323.79 "," 640,011.73 "," 1,262,335.52 ", -   ," 1,184,419.19 "," 9,523.25 "," 1,193,942.44 "," 421,644.72 "," 1,137.95 ", 340.77 ," 67,346.00 "," 132,814.31 "," 12,977.57 "," 307,317.12 "," 23,464.38 ", 546.42 ," 9,111.42 ", 28.01 , -   ," 64,486.00 ", 84.21 , -   ," 2,645.63 "," 3,500,222.47 ",,,,,,,,,,,,,,,,,,,,,,,,,,,,,,,,,
,Feb/2020," 633,100.05 "," 652,028.00 "," 1,285,128.05 ", -   ," 1,233,250.24 "," 9,821.78 "," 1,243,072.02 "," 426,533.15 ", 958.33 , 479.92 ," 58,608.78 "," 145,923.81 "," 23,258.89 "," 248,778.51 "," 19,558.69 ", 354.64 ," 9,281.12 ", 16.73 , -   ," 104,545.19 ", 73.87 , -   ," 2,604.12 "," 3,569,175.82 ",,,,,,,,,,,,,,,,,,,,,,,,,,,,,,,,,
,Mar/2020," 509,752.95 "," 573,586.73 "," 1,083,339.68 ", -   ," 1,100,813.77 "," 10,445.97 "," 1,111,259.74 "," 420,637.14 ", 946.43 ," 4,564.83 "," 37,280.42 "," 104,824.84 "," 19,587.38 "," 306,511.61 "," 17,452.84 ", 377.36 ," 8,888.12 ", 6.83 , -   ," 106,949.57 ", 74.10 , -   ," 1,267.79 "," 3,223,968.68 ",,,,,,,,,,,,,,,,,,,,,,,,,,,,,,,,,
,Apr/2020," 391,773.23 "," 458,420.85 "," 850,194.08 ", -   ," 867,592.28 "," 5,620.48 "," 873,212.76 "," 345,933.61 ", 452.38 , 145.45 ," 13,870.41 "," 51,247.20 "," 17,494.20 "," 310,990.98 "," 13,476.06 ", 362.79 ," 6,706.35 ", 6.84 , -   ," 53,000.00 ", 30.42 , -   , -   ," 2,537,123.53 ",,,,,,,,,,,,,,,,,,,,,,,,,,,,,,,,,
,May/2020," 407,482.52 "," 478,771.83 "," 886,254.35 ", -   ," 828,743.95 "," 4,099.92 "," 832,843.87 "," 362,987.37 ", 380.95 , 758.66 ," 17,776.74 "," 139,347.72 "," 35,550.36 "," 366,963.69 "," 13,827.56 ", 254.57 ," 7,285.70 ", 31.18 , -   ," 81,524.00 ", 55.64 , -   , -   ," 2,745,842.36 ",,,,,,,,,,,,,,,,,,,,,,,,,,,,,,,,,
,Jun/2020," 388,952.81 "," 516,933.60 "," 905,886.41 ", -   ," 782,327.99 "," 7,406.06 "," 789,734.05 "," 402,541.02 ", 462.88 , 171.89 ," 17,381.30 "," 114,881.57 "," 33,842.05 "," 327,627.60 "," 17,170.47 ", 268.12 ," 7,672.90 ", 51.15 , -   ," 70,605.00 ", 60.20 , -   , -   ," 2,688,356.61 ",,,,,,,,,,,,,,,,,,,,,,,,,,,,,,,,,
,Jul/2020," 462,380.81 "," 567,052.50 "," 1,029,433.31 ", -   ," 870,354.89 "," 5,067.16 "," 875,422.05 "," 423,328.22 ", 571.45 , 297.79 ," 19,154.50 "," 119,704.27 "," 43,939.07 "," 281,593.37 "," 18,373.04 ", 547.48 ," 9,327.62 ", 25.44 , -   ," 86,576.00 ", 69.68 , -   , -   ," 2,908,363.29 ",,,,,,,,,,,,,,,,,,,,,,,,,,,,,,,,,
,Aug/2020," 574,379.33 "," 647,375.58 "," 1,221,754.91 ", -   ," 885,200.72 "," 9,764.89 "," 894,965.61 "," 483,695.90 "," 1,017.10 ", 346.31 ," 19,506.82 "," 129,081.54 "," 33,601.74 "," 274,835.24 "," 21,877.37 ", 385.18 ," 7,451.79 ", 12.40 , -   ," 94,364.00 ", 80.22 , -   , -   ," 3,182,976.13 ",,,,,,,,,,,,,,,,,,,,,,,,,,,,,,,,,
,Sep/2020," 610,445.10 "," 661,665.58 "," 1,272,110.68 ", -   ," 959,013.35 "," 9,735.38 "," 968,748.73 "," 439,581.36 ", 948.80 , 287.45 ," 20,238.47 "," 123,261.01 "," 26,005.63 "," 158,485.71 "," 21,879.53 ", 509.00 ," 11,629.83 ", 35.69 , -   ," 95,762.00 ", 54.92 , -   , 356.40 ," 3,139,895.21 ",,,,,,,,,,,,,,,,,,,,,,,,,,,,,,,,,
,Oct/2020," 648,582.82 "," 680,362.07 "," 1,328,944.89 ", -   ," 1,064,005.30 "," 16,475.25 "," 1,080,480.55 "," 459,312.45 "," 1,142.86 ", 266.74 ," 29,115.90 "," 117,108.19 "," 37,876.73 "," 254,131.92 "," 22,655.15 ", 468.37 ," 12,831.92 ", 29.42 , -   ," 128,310.00 ", 68.10 , -   , -   ," 3,472,743.19 ",,,,,,,,,,,,,,,,,,,,,,,,,,,,,,,,,
,Nov/2020," 639,856.62 "," 652,630.16 "," 1,292,486.78 ", -   ," 1,072,873.46 "," 10,704.69 "," 1,083,578.15 "," 421,504.59 "," 1,142.86 ", 231.18 ," 33,878.65 "," 111,855.80 "," 28,761.42 "," 209,982.62 "," 21,903.24 ", 407.14 ," 10,883.80 ", 66.48 , -   ," 91,526.00 ", 70.08 , -   , 933.81 ," 3,309,212.60 ",,,,,,,,,,,,,,,,,,,,,,,,,,,,,,,,,
,Dec/2020," 760,695.45 "," 768,193.03 "," 1,528,888.48 ", -   ," 1,276,290.85 "," 12,819.54 "," 1,289,110.39 "," 481,068.86 "," 1,312.55 "," (4,603.49)"," 38,849.97 "," 162,734.65 "," 27,190.81 "," 243,519.81 "," 21,166.56 ", 547.10 ," 13,060.54 ", 52.58 , -   ," 118,168.00 ", 73.41 , -   ," 1,116.47 "," 3,922,256.69 ",,,,,,,,,,,,,,,,,,,,,,,,,,,,,,,,,
,Jan/2021," 655,512.66 "," 685,942.97 "," 1,341,455.63 ", -   ," 1,220,637.86 "," 12,064.41 "," 1,232,702.27 "," 485,759.13 ", 940.90 ," 5,223.09 "," 37,507.18 "," 110,449.89 "," 26,925.55 "," 128,264.67 "," 29,777.89 ", 452.50 ," 13,975.11 ", 88.32 , -   ," 108,756.00 ", -   , -   , 274.48 ," 3,522,552.61 ",,,,,,,,,,,,,,,,,,,,,,,,,,,,,,,,,
,Feb/2021," 621,712.09 "," 669,312.88 "," 1,291,024.97 ", -   ," 1,272,608.93 "," 10,943.51 "," 1,283,552.44 "," 447,847.05 "," 1,010.16 ", (308.70)," 37,044.54 "," 146,527.38 "," 21,953.78 "," 286,352.94 "," 20,350.18 ", 709.18 ," 9,954.97 ", 42.85 , -   ," 110,937.00 ", -   , -   , -   ," 3,656,998.74 ",,,,,,,,,,,,,,,,,,,,,,,,,,,,,,,,,
,Mar/2021," 692,240.49 "," 773,453.52 "," 1,465,694.01 ", -   ," 1,417,379.54 "," 10,508.49 "," 1,427,888.03 "," 513,966.39 "," 1,291.15 ", 116.17 ," 36,954.44 "," 153,583.54 "," 29,164.03 "," 187,420.65 "," 27,765.93 ", 417.13 ," 11,349.78 ", 95.13 , -   ," 104,570.00 ", -   , -   , -   ," 3,960,276.38 ",,,,,,,,,,,,,,,,,,,,,,,,,,,,,,,,,
,Apr/2021," 610,310.75 "," 688,389.03 "," 1,298,699.78 ", -   ," 1,268,491.30 "," 9,876.20 "," 1,278,367.50 "," 466,275.27 "," 1,029.93 ", 71.76 ," 50,964.69 "," 128,870.62 "," 39,782.05 "," 222,753.58 "," 25,695.84 ", 441.82 ," 12,887.39 ", 31.83 , -   ," 108,795.00 ", -   , -   , 83.00 ," 3,634,750.06 ",,,,,,,,,,,,,,,,,,,,,,,,,,,,,,,,,
,May/2021," 643,076.84 "," 707,336.38 "," 1,350,413.22 ", -   ," 1,188,222.54 "," 12,741.15 "," 1,200,963.69 "," 475,018.36 ", 935.05 , 9.43 ," 52,492.11 "," 124,558.01 "," 49,044.75 "," 208,306.63 "," 24,652.39 ", 237.83 ," 11,316.86 ", 54.68 , 160.00 ," 122,958.00 ", -   , -   , 516.70 ," 3,621,637.71 ",,,,,,,,,,,,,,,,,,,,,,,,,,,,,,,,,
,Jun/2021," 637,332.81 "," 692,598.71 "," 1,329,931.52 ", -   ," 1,128,077.11 "," 10,188.84 "," 1,138,265.95 "," 475,462.79 "," 1,118.33 ", 66.04 ," 56,780.29 "," 130,750.30 "," 29,579.19 "," 221,867.31 "," 23,178.27 ", 319.61 ," 4,353.63 ", 525.04 , -   ," 112,843.00 ", -   , -   , 217.00 ," 3,525,258.27 ",,,,,,,,,,,,,,,,,,,,,,,,,,,,,,,,,
,Jul/2021," 665,472.94 "," 740,193.13 "," 1,405,666.07 ", -   ," 1,197,398.40 "," 11,250.16 "," 1,208,648.56 "," 500,478.60 "," 1,116.71 ", (105.71)," 59,802.43 "," 161,178.68 "," 28,594.62 "," 247,257.05 "," 26,087.78 ", 272.62 ," 13,270.25 ", 193.49 , -   ," 89,715.00 ", -   , -   , 353.00 ," 3,742,529.15 ",,,,,,,,,,,,,,,,,,,,,,,,,,,,,,,,,
,Aug/2021," 636,824.61 "," 668,221.54 "," 1,305,046.15 ", -   ," 1,104,625.93 "," 10,524.54 "," 1,115,150.47 "," 492,629.81 "," 1,034.76 ", 73.11 ," 50,494.29 "," 108,263.65 "," 28,571.40 "," 209,382.44 "," 22,702.60 ", 480.63 ," 10,196.20 ", 0.75 , -   ," 118,471.00 ", -   , -   , 380.00 ," 3,462,877.26 ",,,,,,,,,,,,,,,,,,,,,,,,,,,,,,,,,
,Sep/2021," 605,257.76 "," 670,418.80 "," 1,275,676.56 ", -   ," 1,102,655.34 "," 10,578.96 "," 1,113,234.30 "," 493,058.47 "," 1,128.98 ", 151.91 ," 54,470.85 "," 119,053.02 "," 16,940.81 "," 186,654.68 "," 24,886.79 ", 316.84 ," 7,911.30 ", 6.86 , 73.32 ," 91,068.00 ", -   , -   , 345.00 ," 3,384,977.69 ",,,,,,,,,,,,,,,,,,,,,,,,,,,,,,,,,
,Oct/2021," 675,821.54 "," 718,676.32 "," 1,394,497.86 ", -   ," 1,166,983.39 "," 10,922.71 "," 1,177,906.10 "," 497,279.70 ", 374.12 , (321.14)," 55,352.31 "," 111,134.14 "," 22,006.99 "," 481,888.42 "," 22,594.68 ", 294.75 ," 7,075.41 ", 0.13 , -   ," 105,591.55 ", -   , -   ," 1,350.00 "," 3,877,025.02 ",,,,,,,,,,,,,,,,,,,,,,,,,,,,,,,,,
,Nov/2021," 641,916.40 "," 708,246.27 "," 1,350,162.67 ", -   ," 1,223,817.11 "," 10,724.39 "," 1,234,541.50 "," 480,432.29 "," 1,419.33 ", 114.64 ," 61,963.26 "," 104,401.79 "," 23,458.00 "," 301,772.78 "," 24,166.33 ", 329.07 ," 14,335.88 ", 25.16 , -   ," 86,090.12 ", -   , -   , -   ," 3,683,212.82 ",,,,,,,,,,,,,,,,,,,,,,,,,,,,,,,,,
,Dec/2021," 768,102.83 "," 821,882.15 "," 1,589,984.98 ", -   ," 1,380,064.62 "," 14,349.94 "," 1,394,414.56 "," 531,775.93 "," 1,310.74 ", 161.85 ," 70,251.79 "," 148,010.70 "," 29,373.31 "," 330,630.31 "," 22,777.04 ", 174.21 ," 12,026.93 ", 1.74 , -   ," 107,199.79 ", -   , -   , -   ," 4,238,093.88 ",,,,,,,,,,,,,,,,,,,,,,,,,,,,,,,,,
,Jan/2022," 622,475.13 "," 684,004.37 "," 1,306,479.50 ", -   ," 1,280,998.78 "," 13,257.43 "," 1,294,256.21 "," 511,907.58 "," 1,521.19 ", 188.33 ," 61,396.28 "," 124,025.99 "," 26,627.95 "," 349,200.82 "," 25,987.49 "," 5,249.84 "," 9,395.75 ", 0.10 , -   ," 97,622.50 ", -   , -   , -   ," 3,813,859.53 ",,,,,,,,,,,,,,,,,,,,,,,,,,,,,,,,,
,Feb/2022," 592,075.13 "," 660,943.67 "," 1,253,018.80 ", -   ," 1,266,035.92 "," 9,721.29 "," 1,275,757.21 "," 518,734.75 ", 947.72 , 125.26 ," 54,437.25 "," 117,015.61 "," 22,671.15 "," 440,976.25 "," 27,723.99 "," 3,409.85 "," 6,436.35 ", 2.52 , -   ," 119,968.05 ", -   , -   , -   ," 3,841,224.77 ",,,,,,,,,,,,,,,,,,,,,,,,,,,,,,,,,
,Mar/2022," 599,582.36 "," 703,127.90 "," 1,302,710.26 ", -   ," 1,335,376.89 "," 9,819.22 "," 1,345,196.11 "," 483,511.86 "," 1,523.81 ", 141.74 ," 66,914.62 "," 153,463.44 "," 31,004.35 "," 455,044.70 "," 28,477.54 "," 4,057.47 "," 7,693.95 ", 134.92 , -   ," 128,886.16 ", -   , -   ," 1,500.00 "," 4,010,260.93 ",,,,,,,,,,,,,,,,,,,,,,,,,,,,,,,,,
,Apr/2022," 566,128.02 "," 807,440.10 "," 1,373,568.12 ", -   ," 1,284,434.74 "," 9,724.00 "," 1,294,158.74 "," 491,412.41 "," 1,390.31 ", 160.75 ," 69,048.36 "," 133,705.58 "," 16,827.45 "," 405,287.72 "," 24,029.26 "," 7,108.10 "," 5,358.26 ", 394.46 , (11.79)," 104,909.33 ", -   , -   , 652.00 ," 3,927,999.06 ",,,,,,,,,,,,,,,,,,,,,,,,,,,,,,,,,
,May/2022," 486,297.11 "," 796,812.39 "," 1,283,109.50 ",   -    ," 1,110,635.97 "," 8,904.61 "," 1,119,540.58 "," 514,697.64 "," 1,333.33 ", 426.14 ," 71,003.32 "," 163,815.09 "," 21,737.46 "," 409,436.09 "," 23,470.17 "," 4,576.49 "," 9,698.39 ", 166.74 , (82.52)," 101,345.62 ",   -    ,   -    , 728.29 ," 3,725,002.33 ",,,,,,,,,,,,,,,,,,,,,,,,,,,,,,,,,
,Jun/2022," 503,675.45 "," 775,212.34 "," 1,278,887.79 ",   -    ," 1,100,993.85 "," 9,458.24 "," 1,110,452.09 "," 512,936.23 "," 1,338.21 ", 797.57 ," 68,988.11 "," 104,641.21 "," 19,273.76 "," 362,269.01 "," 31,319.60 "," 4,055.32 "," 6,267.94 ", 0.50 , 14.47 ," 99,404.50 ",   -    ,   -    ," 2,105.56 "," 3,602,751.87 ",,,,,,,,,,,,,,,,,,,,,,,,,,,,,,,,,
,Jul/2022, -   , -   , -   , -   , -   , -   , -   , -   , -   , -   , -   , -   , -   , -   , -   , -   , -   , -   , -   , -   , -   , -   , -   , -   ,,,,,,,,,,,,,,,,,,,,,,,,,,,,,,,,,
,Aug/2022, -   , -   , -   , -   , -   , -   , -   , -   , -   , -   , -   , -   , -   , -   , -   , -   , -   , -   , -   , -   , -   , -   , -   , -   ,,,,,,,,,,,,,,,,,,,,,,,,,,,,,,,,,
,Sep/2022, -   , -   , -   , -   , -   , -   , -   , -   , -   , -   , -   , -   , -   , -   , -   , -   , -   , -   , -   , -   , -   , -   , -   , -   ,,,,,,,,,,,,,,,,,,,,,,,,,,,,,,,,,
,Oct/2022, -   , -   , -   , -   , -   , -   , -   , -   , -   , -   , -   , -   , -   , -   , -   , -   , -   , -   , -   , -   , -   , -   , -   , -   ,,,,,,,,,,,,,,,,,,,,,,,,,,,,,,,,,
,Nov/2022, -   , -   , -   , -   , -   , -   , -   , -   , -   , -   , -   , -   , -   , -   , -   , -   , -   , -   , -   , -   , -   , -   , -   , -   ,,,,,,,,,,,,,,,,,,,,,,,,,,,,,,,,,
,Dec/2022, -   , -   , -   , -   , -   , -   , -   , -   , -   , -   , -   , -   , -   , -   , -   , -   , -   , -   , -   , -   , -   , -   , -   , -   ,,,,,,,,,,,,,,,,,,,,,,,,,,,,,,,,,
,,,,,,,,,,,,,,,,,,,,,,,,,,,,,,,,,,,,,,,,,,,,,,,,,,,,,,,,,,
,Nota: los datos de junio 2022 están sujetos a revisión.,,,,,,,,,,,,,,,,,,,,,,,,,,,,,,,,,,,,,,,,,,,,,,,,,,,,,,,,,
,,,,,,,,,,,,,,,,,,,,,,,,,,,,,,,,,,,,,,,,,,,,,,,,,,,,,,,,,,
,,,,,,,,,,,,,,,,,,,,,,,,,,,,,,,,,,,,,,,,,,,,,,,,,,,,,,,,,,
,,,,,,,,,,,,,,,,,,,,,,,,,,,,,,,,,,,,,,,,,,,,,,,,,,,,,,,,,,
,,,,,,,,,,,,,,,,,,,,,,,,,,,,,,,,,,,,,,,,,,,,,,,,,,,,,,,,,,
,,,,,,,,,,,,,,,,,,,,,,,,,,,,,,,,,,,,,,,,,,,,,,,,,,,,,,,,,,
,,,,,,,,,,,,,,,,,,,,,,,,,,,,,,,,,,,,,,,,,,,,,,,,,,,,,,,,,,
,,,,,,,,,,,,,,,,,,,,,,,,,,,,,,,,,,,,,,,,,,,,,,,,,,,,,,,,,,
,,,,,,,,,,,,,,,,,,,,,,,,,,,,,,,,,,,,,,,,,,,,,,,,,,,,,,,,,,
,,,,,,,,,,,,,,,,,,,,,,,,,,,,,,,,,,,,,,,,,,,,,,,,,,,,,,,,,,
Año,,"Gasolina
Superior","Gasolina
Regular","Total
gasolinas",Diesel,Diesel Bajo Azufre,Diesel Ultra Bajo Azufre,"Total
Diesel",GLP,"Gasolina
Aviación",Kerosina,Turbo Jet,Bunker,Asfalto,PetCoke,"Aceites
Lubricantes","Grasas
Lubricantes",Solventes,Naftas,Ceras,"Crudo
Nacional",Butano,Orimulsión,"Mezclas
oleosas",Total,,,,,,,,,,,,,,,,,,,,,,,,,,,,,,,,,
2000,," 3,544,733.13 "," 2,338,671.07 "," 5,883,404.20 "," 6,888,694.08 ", -   , -   ," 6,888,694.08 "," 2,132,516.32 "," 16,784.00 "," 690,414.38 ", -   ," 3,789,651.38 "," 379,512.00 ", -   , -   , -   , -   , -   , -   , -   , -   , -   , -   ," 19,780,976.36 ",,,,,,,,,,,,,,,,,,,,,,,,,,,,,,,,,
2001,," 4,102,995.00 "," 2,390,641.00 "," 6,493,636.00 "," 7,317,663.00 ", -   , -   ," 7,317,663.00 "," 2,248,256.00 "," 17,304.00 "," 733,464.00 ", -   ," 5,250,879.00 "," 321,748.00 ", -   , -   , -   , -   , -   , -   , -   , -   , -   , -   ," 22,382,950.00 ",,,,,,,,,,,,,,,,,,,,,,,,,,,,,,,,,
2002,," 4,534,900.00 "," 2,384,514.00 "," 6,919,414.00 "," 8,104,202.00 ", -   , -   ," 8,104,202.00 "," 2,428,198.00 "," 17,428.00 "," 623,358.00 ", -   ," 5,466,733.00 "," 228,511.00 ", -   , -   , -   , -   , -   , -   ," 562,962.00 ", -   , -   , -   ," 24,350,806.00 ",,,,,,,,,,,,,,,,,,,,,,,,,,,,,,,,,
2003,," 4,404,649.79 "," 2,261,897.82 "," 6,666,547.61 "," 8,216,846.47 ", -   , -   ," 8,216,846.47 "," 2,665,447.05 "," 16,440.00 "," 643,482.00 ", -   ," 5,745,631.98 "," 463,166.16 ", -   , -   , -   , -   , -   , -   ," 721,851.29 ", -   , -   , -   ," 25,139,412.56 ",,,,,,,,,,,,,,,,,,,,,,,,,,,,,,,,,
2004,," 4,389,272.71 "," 2,334,507.72 "," 6,723,780.43 "," 7,794,890.08 ", -   , -   ," 7,794,890.08 "," 2,752,891.30 "," 16,777.00 "," 702,313.10 ", -   ," 4,316,449.48 "," 359,226.77 "," 795,240.99 ", -   , -   , -   , -   , -   ," 597,014.09 ", -   ," 1,691,328.00 ", -   ," 25,749,911.23 ",,,,,,,,,,,,,,,,,,,,,,,,,,,,,,,,,
2005,," 4,495,341.01 "," 2,496,742.24 "," 6,992,083.25 "," 8,549,716.32 ", -   , -   ," 8,549,716.32 "," 2,699,328.22 "," 16,318.00 "," 92,507.10 "," 518,358.20 "," 4,098,525.98 "," 339,393.58 "," 1,086,437.00 ", -   , -   , -   , -   , -   ," 483,420.37 ", -   ," 1,809,053.00 ", -   ," 26,685,141.01 ",,,,,,,,,,,,,,,,,,,,,,,,,,,,,,,,,
2006,," 4,740,485.57 "," 2,555,856.51 "," 7,296,342.08 "," 8,719,932.81 ", -   , -   ," 8,719,932.81 "," 2,784,012.36 "," 19,378.91 "," 84,732.90 "," 521,227.40 "," 4,788,882.85 "," 383,725.79 "," 1,137,262.50 ", -   , -   , -   , -   , -   ," 457,007.16 ", -   ," 497,840.00 ", -   ," 26,690,344.76 ",,,,,,,,,,,,,,,,,,,,,,,,,,,,,,,,,
2007,," 4,988,898.02 "," 2,678,926.79 "," 7,667,824.82 "," 9,272,932.66 ", -   , -   ," 9,272,932.66 "," 2,973,659.94 "," 16,809.00 "," 143,393.40 "," 585,856.20 "," 6,146,774.91 "," 420,076.52 "," 1,160,252.50 ", -   , -   , -   , -   , -   ," 556,519.83 ", -   , -   , -   ," 28,944,099.78 ",,,,,,,,,,,,,,,,,,,,,,,,,,,,,,,,,
2008,," 4,709,086.41 "," 2,784,440.75 "," 7,493,527.16 "," 8,108,707.91 ", -   , -   ," 8,108,707.91 "," 2,913,467.23 "," 15,699.61 "," 123,639.50 "," 575,704.80 "," 5,025,211.67 "," 275,648.24 "," 972,025.01 ", -   , -   , -   , -   , -   ," 386,160.91 ", -   , -   , -   ," 25,889,792.05 ",,,,,,,,,,,,,,,,,,,,,,,,,,,,,,,,,
2009,," 5,090,787.32 "," 3,216,845.91 "," 8,307,633.23 "," 9,284,939.63 ", -   , -   ," 9,284,939.63 "," 2,701,405.33 "," 15,061.90 "," 112,204.40 "," 488,813.09 "," 6,315,437.21 "," 457,375.00 "," 1,088,949.95 ", -   , -   , -   , -   , -   ," 587,880.44 ", -   , -   , -   ," 29,359,700.17 ",,,,,,,,,,,,,,,,,,,,,,,,,,,,,,,,,
2010,," 4,924,596.67 "," 3,242,091.99 "," 8,166,688.66 "," 9,250,196.07 ", -   , -   ," 9,250,196.07 "," 2,809,555.23 "," 14,077.00 "," 122,517.20 "," 484,067.30 "," 3,610,510.57 "," 257,379.04 "," 965,931.73 ", -   , -   , -   , -   , -   ," 485,788.93 ", -   , -   , -   ," 26,166,711.73 ",,,,,,,,,,,,,,,,,,,,,,,,,,,,,,,,,
2011,," 4,726,783.61 "," 3,222,412.66 "," 7,949,196.27 "," 9,309,593.79 ", -   , -   ," 9,309,593.79 "," 3,010,212.01 "," 14,202.00 "," 136,540.30 "," 436,868.01 "," 4,106,884.18 "," 276,134.64 "," 1,077,139.47 ", -   , -   , -   , -   , -   ," 563,309.86 ", -   , -   , -   ," 26,880,080.53 ",,,,,,,,,,,,,,,,,,,,,,,,,,,,,,,,,
2012,," 4,914,346.20 "," 3,129,800.59 "," 8,044,146.79 "," 9,301,470.40 ", -   , -   ," 9,301,470.40 "," 3,226,896.47 "," 14,495.20 "," 300,080.38 "," 308,784.94 "," 3,986,495.43 "," 266,893.97 "," 928,829.74 ", -   , -   , -   , -   , -   ," 536,876.43 ", -   , -   , -   ," 26,914,969.75 ",,,,,,,,,,,,,,,,,,,,,,,,,,,,,,,,,
2013,," 4,902,732.81 "," 3,604,590.07 "," 8,507,322.88 "," 9,799,543.92 ", -   , -   ," 9,799,543.92 "," 3,371,434.26 "," 14,218.45 "," 192,153.90 "," 396,468.59 "," 3,140,353.29 "," 195,043.20 "," 1,126,975.30 ", -   , -   , -   , -   , -   ," 472,819.84 ", -   , -   , -   ," 27,216,333.63 ",,,,,,,,,,,,,,,,,,,,,,,,,,,,,,,,,
2014,," 5,214,014.99 "," 4,139,358.75 "," 9,353,373.74 "," 10,487,844.28 ", -   , -   ," 10,487,844.28 "," 3,504,847.07 "," 11,180.18 "," 314,009.94 "," 319,993.40 "," 3,038,800.76 "," 252,195.02 "," 1,255,360.72 ", -   , -   , -   , -   , -   ," 545,205.29 ", -   , -   , -   ," 29,082,810.40 ",,,,,,,,,,,,,,,,,,,,,,,,,,,,,,,,,
2015,," 6,110,255.70 "," 5,193,802.68 "," 11,304,058.38 "," 11,305,141.20 ", -   , -   ," 11,305,141.20 "," 4,085,131.93 "," 13,530.62 "," 202,809.92 "," 463,007.90 "," 3,597,930.27 "," 163,666.11 "," 1,150,844.48 ", -   , -   , -   , -   , -   ," 464,115.29 ", -   , -   , -   ," 32,750,236.08 ",,,,,,,,,,,,,,,,,,,,,,,,,,,,,,,,,
2016,," 6,729,455.91 "," 5,629,752.61 "," 12,359,208.52 "," 11,982,407.00 ", -   , -   ," 11,982,407.00 "," 4,367,979.80 "," 12,652.05 "," 222,703.67 "," 477,353.91 "," 2,988,145.67 "," 87,067.14 "," 1,136,844.98 ", -   , -   , -   , -   , -   ," 411,115.80 ", -   , -   , -   ," 34,045,478.54 ",,,,,,,,,,,,,,,,,,,,,,,,,,,,,,,,,
2017,," 6,889,609.98 "," 6,076,267.04 "," 12,965,877.02 "," 12,189,165.39 ", -   , -   ," 12,189,165.39 "," 4,595,740.70 "," 11,829.86 "," 6,979.86 "," 748,980.12 "," 1,879,137.46 "," 193,793.88 "," 1,998,938.71 ", -   , -   , -   , -   , -   ," 631,881.55 ", 586.28 , -   , -   ," 35,222,910.83 ",,,,,,,,,,,,,,,,,,,,,,,,,,,,,,,,,
2018,," 6,978,068.50 "," 6,605,303.12 "," 13,583,371.62 ", -   ," 12,381,737.26 "," 125,576.22 "," 12,507,313.48 "," 4,792,380.02 "," 11,219.79 "," 4,480.32 "," 805,034.35 "," 1,676,114.68 "," 446,152.89 "," 2,639,611.95 ", -   , -   , -   , -   , -   ," 971,036.12 ", 725.71 , -   , -   ," 37,437,440.92 ",,,,,,,,,,,,,,,,,,,,,,,,,,,,,,,,,
2019,," 7,366,075.05 "," 7,719,627.47 "," 15,085,702.52 ", -   ," 13,207,450.24 "," 104,935.20 "," 13,312,385.44 "," 5,021,366.97 "," 11,628.28 "," 33,831.71 "," 780,223.31 "," 1,622,457.63 "," 662,265.01 "," 2,997,744.82 "," 241,885.45 "," 4,907.22 "," 101,356.29 ", 844.60 ," 2,626.18 "," 1,370,579.00 ", 784.62 , -   ," 23,341.03 "," 41,273,930.08 ",,,,,,,,,,,,,,,,,,,,,,,,,,,,,,,,,
2020,," 6,649,725.48 "," 7,297,031.66 "," 13,946,757.14 ", -   ," 12,124,885.99 "," 111,484.37 "," 12,236,370.36 "," 5,088,768.39 "," 10,474.54 "," 3,287.50 "," 373,007.96 "," 1,452,784.91 "," 340,085.85 "," 3,290,738.18 "," 232,804.89 "," 5,028.17 "," 114,131.11 ", 362.75 , -   ," 1,095,815.76 ", 794.85 , -   ," 8,924.22 "," 38,200,136.58 ",,,,,,,,,,,,,,,,,,,,,,,,,,,,,,,,,
2021,," 7,853,581.72 "," 8,544,671.70 "," 16,398,253.42 ", -   ," 14,670,962.07 "," 134,673.30 "," 14,805,635.37 "," 5,859,983.79 "," 12,710.16 "," 5,252.45 "," 624,078.18 "," 1,546,781.72 "," 345,394.48 "," 3,012,551.46 "," 294,635.72 "," 4,446.19 "," 128,653.71 "," 1,065.98 ", 233.32 ," 1,266,994.46 ", -   , -   ," 3,519.18 "," 44,310,189.59 ",,,,,,,,,,,,,,,,,,,,,,,,,,,,,,,,,
2022,," 3,370,233.20 "," 4,427,584.75 "," 7,797,817.95 ",   -    ," 7,379,147.43 "," 60,884.79 "," 7,440,032.22 "," 3,033,200.47 "," 8,054.57 "," 1,839.79 "," 391,787.94 "," 796,666.92 "," 123,328.74 "," 2,422,214.59 "," 161,007.82 "," 28,457.08 "," 44,850.64 ", 699.24 , (79.84)," 554,481.99 ",   -    ,   -    ," 4,985.85 "," 22,809,345.96 ",,,,,,,,,,,,,,,,,,,,,,,,,,,,,,,,,
"* Dato del año 2022, al mes de mayo.",,,,,,,,,,,,,,,,,,,,,,,,,,,,,,,,,,,,,,,,,,,,,,,,,,,,,,,,,,
Fuente: Informes mensuales de entidades titulares de licencias de comercialización.,,,,,,,,,,,,,,,,,,,,,,,,,,,,,,,,,,,,,,,,,,,,,,,,,,,,,,,,,,
"Elaborado en: Departamento de Análisis Económico, Sección de Estadística",,,,,,,,,,,,,,,,,,,,,,,,,,,,,,,,,,,,,,,,,,,,,,,,,,,,,,,,,,
,,,,,,,,,,,,,,,,,,,,,,,,,,,,,,,,,,,,,,,,,,,,,,,,,,,,,,,,,,
,,,,,,,,,,,,,,,,,,,,,,,,,,,,,,,,,,,,,,,,,,,,,,,,,,,,,,,,,,
,,,,,,,,,,,,,,,,,,,,,,,,,,,,,,,,,,,,,,,,,,,,,,,,,,,,,,,,,,
,,,,,,,,,,,,,,,,,,,,,,,,,,,,,,,,,,,,,,,,,,,,,,,,,,,,,,,,,,
,,,,,,,,,,,,,,,,,,,,,,,,,,,,,,,,,,,,,,,,,,,,,,,,,,,,,,,,,,
,,,,,,,,,,,,,,,,,,,,,,,,,,,,,,,,,,,,,,,,,,,,,,,,,,,,,,,,,,
,,,,,,,,,,,,,,,,,,,,,,,,,,,,,,,,,,,,,,,,,,,,,,,,,,,,,,,,,,
,,,,,,,,,,,,,,,,,,,,,,,,,,,,,,,,,,,,,,,,,,,,,,,,,,,,,,,,,,
